[
  {
			"index": 2002,
			"name": "short halter sundress",
			"name_cap": "Short halter sundress", "cn_name_cap": "短連衣太陽連衣裙",
			"variable": "haltersundress_s",
			"integrity": 100,
			"integrity_max": 100,
			"fabric_strength": 30,
			"reveal": 400,
			"bustresize": 0,
			"word": "a",
			"one_piece": 1,
			"strap": 1,
			"open": 1,
			"state": "waist",
			"state_base": "waist",
			"state_top": "chest",
			"state_top_base": "chest",
			"plural": 0,
			"colour": 0,
			"colour_options": ["black", "blue", "brown", "green", "pink", "purple", "red", "tangerine", "teal", "white", "yellow", "custom"],
			"colour_sidebar": 1,
			"exposed": 0,
			"exposed_base": 0,
			"type": ["normal"],
			"set": "haltersundress_s",
			"gender": "f",
			"femininity": 200,
			"warmth": 30,
			"cost": 1500,
			"description": "Great for frolicking.",
			"shop": ["clothing"],
			"accessory": 0,
			"accessory_colour": 0,
			"accessory_colour_options": [],
			"sleeve_img": 0,
			"breast_img": 1,
			"cursed": 0,
			"location": 0,
			"iconFile": "halter_sundress.png",
			"accIcon": 0,
			"outfitPrimary": { "lower": "short halter sundress skirt" },
			"notuck": 0,
			"pregType": 0
  }
]
