[
	{
			"index": 2005,
			"name": "kingmask",
			"name_cap": "kingmask", "cn_name_cap": "國王的面罩",
			"variable": "kingmask",
			"integrity": 20,
			"integrity_max": 20,
			"fabric_strength": 400,
			"reveal": 1,
			"word": "a",
			"plural": 0,
			"colour": 0,
			"colour_options": ["black", "blue", "brown", "green", "pink", "purple", "red", "tangerine", "teal", "white", "yellow", "custom"],
			"colour_sidebar": 1,
			"type": ["mask"],
			"gender": "n",
			"warmth": 10,
			"cost": 10000,
			"description": "這個面罩被施了魔法，它是透明且可被穿透的，但不知道為什麼別人無法認出妳來。",
			"shop": ["forest"],
			"accessory": 0,
			"accessory_colour": 0,
			"accessory_colour_options": [],
			"cursed": 0,
			"location": 0,
			"iconFile": "k_mask.png",
			"accIcon": 0
		}
]