[
  {
			"index": 2001,
			"name": "short halter sundress skirt",
			"name_cap": "Short halter sundress skirt", "cn_name_cap": "短連衣太陽裙",
			"variable": "haltersundress_s",
			"integrity": 100,
			"integrity_max": 100,
			"fabric_strength": 30,
			"reveal": 400,
			"rearresize": 0,
			"word": "a",
			"one_piece": 1,
			"skirt": 1,
			"skirt_down": 1,
			"short": 1,
			"state": "waist",
			"state_base": "waist",
			"plural": 0,
			"colour": 0,
			"colour_options": ["black", "blue", "brown", "green", "pink", "purple", "red", "tangerine", "teal", "white", "yellow", "custom"],
			"colour_sidebar": 1,
			"exposed": 0,
			"exposed_base": 0,
			"vagina_exposed": 1,
			"vagina_exposed_base": 1,
			"anus_exposed": 1,
			"anus_exposed_base": 1,
			"type": ["normal"],
			"set": "haltersundress_s",
			"gender": "f",
			"femininity": 200,
			"warmth": 20,
			"cost": 500,
			"description": "Great for frolicking.",
			"shop": ["clothing"],
			"accessory": 0,
			"accessory_colour": 0,
			"accessory_colour_options": [],
			"high_img": 0,
			"back_img": 0,
			"cursed": 0,
			"location": 0,
			"iconFile": "halter_sundress.png",
			"accIcon": 0,
			"outfitSecondary": ["upper", "short halter sundress"]
  }
]
