[
  {
			"index": 2007,
			"name": "king pants",
			"name_cap": "king pants", "cn_name_cap": "國王的褲子",
			"variable": "king",
			"integrity_max": 100,
			"fabric_strength": 300,
			"reveal": 500,
			"rearresize": 0,
			"word": "a",
			"one_piece": 0,
			"skirt": 1,
			"skirt_down": 1,
			"short": 1,
			"state": "waist",
			"state_base": "waist",
			"plural": 0,
			"colour": 0,
			"colour_options": ["black", "blue", "brown", "green", "pink", "purple", "red", "tangerine", "teal", "white", "yellow", "custom"],
			"colour_sidebar": 1,
			"exposed": 0,
			"exposed_base": 0,
			"vagina_exposed": 1,
			"vagina_exposed_base": 1,
			"anus_exposed": 1,
			"anus_exposed_base": 1,
			"type": ["normal"],
			"gender": "f",
			"femininity": 200,
			"warmth": 20,
			"cost": 10000,
			"description": "你似乎甚麼都沒穿，但別人覺得你應該穿了些什麼，沒什麼好奇怪的。",
			"shop": ["forest"],
			"accessory": 0,
			"accessory_colour": 0,
			"accessory_colour_options": [],
			"high_img": 0,
			"back_img": 0,
			"cursed": 0,
			"location": 0,
			"iconFile": "k_mask.png",
			"accIcon": 0
  }
]
