[
  {
			"index": 2016,
			"name": "nun's Transpart skirt 2",
			"name_cap": "Nun's Transpart skirt 2", "cn_name_cap": "透明修女服裙 2",
			"variable": "nun_t2",
			"integrity": 100,
			"integrity_max": 100,
			"fabric_strength": 30,
			"reveal": 600,
			"rearresize": 0,
			"word": "a",
			"one_piece": 1,
			"skirt": 1,
			"skirt_down": 1,
			"short": 0,
			"state": "waist",
			"state_base": "waist",
			"plural": 0,
			"colour": 0,
			"colour_options": [],
			"colour_combat": "black",
			"exposed": 0,
			"exposed_base": 0,
			"vagina_exposed": 1,
			"vagina_exposed_base": 1,
			"anus_exposed": 1,
			"anus_exposed_base": 1,
			"type": ["holy", "costume"],
			"set": "nun",
			"gender": "f",
			"femininity": 200,
			"warmth": 60,
			"cost": 0,
			"description": "Holy outfit for those sworn to purity.",
			"shop": ["clothing", "adult", "fetish"],
			"accessory": 0,
			"accessory_colour": 0,
			"accessory_colour_options": [],
			"high_img": 0,
			"back_img": 1,
			"back_img_colour": "primary",
			"cursed": 0,
			"notuck": 1,
			"location": 0,
			"iconFile": "nuns_habit.png",
			"accIcon": 0,
			"outfitSecondary": ["upper", "Nun's Transpart habit 2"]
  }
]
