[
  {
			"index": 2015,
			"name": "Nun's Transpart habit 2",
			"name_cap": "Nun's Transpart habit 2", "cn_name_cap": "透明修女服 2",
			"variable": "nun_t2",
			"integrity": 100,
			"integrity_max": 100,
			"fabric_strength": 20,
			"reveal": 500,
			"bustresize": 0,
			"word": "a",
			"one_piece": 1,
			"strap": 0,
			"open": 0,
			"state": "waist",
			"state_base": "waist",
			"state_top": "chest",
			"state_top_base": "chest",
			"plural": 0,
			"colour": 0,
			"colour_options": [],
			"colour_combat": "black",
			"exposed": 0,
			"exposed_base": 0,
			"type": ["holy", "costume", "fetish"],
			"set": "nun",
			"gender": "f",
			"femininity": 200,
			"warmth": 50,
			"cost": 6000,
			"description": "Holy outfit for those sworn to purity.",
			"shop": ["clothing", "adult"],
			"accessory": 0,
			"accessory_colour": 0,
			"accessory_colour_options": [],
			"sleeve_img": 1,
			"breast_img": 1,
			"cursed": 0,
			"location": 0,
			"iconFile": "nuns_habit.png",
			"accIcon": 0,
			"outfitPrimary": { "lower": "nun's Transpart skirt 2" },
			"notuck": 0,
			"pregType": 0
  }
]
