{
  "name": "BJ_Extend",
  "version": "1.3.63",
  "styleFileList": [],
  "scriptFileList_earlyload": [],
  "scriptFileList_inject_early": [],
  "scriptFileList_preload": [],
  "scriptFileList": [
    "addon/scripts/change_layer.js"
  ],
  "tweeFileList": [
    "addon/twees/setting.twee",
    "addon/twees/widge.twee"
  ],
  "imgFileList": [],
  "additionFile": [
    "img/face/default/left_lashes_mask.png~",
    "img/face/default/right_lashes_mask.png~",
    "img/face/default/side_border.png~",
    "img/face/default/BE_eyes_0/lashes.png~",
    "img/face/default/BE_eyes_0/lashes_halfclosed.png~",
    "img/face/default/BE_eyes_1/lashes.png~",
    "img/face/default/BE_eyes_1/lashes_halfclosed.png~",
    "img/face/default/BE_head_0/basehead.png~",
    "img/face/default/BE_head_1/basehead.png~",
    "img/face/default/BE_mouth_1/mouthcry.png~",
    "img/face/default/BE_mouth_1/mouthfrown.png~",
    "img/face/default/BE_mouth_1/mouthorg.png~",
    "img/face/default/BE_mouth_1/mouthsmile.png~",
    "img/face/default/BE_mouth_2/mouthcry.png~",
    "img/face/default/BE_mouth_2/mouthfrown.png~",
    "img/face/default/BE_mouth_2/mouthorg.png~",
    "img/face/default/BE_mouth_2/mouthsmile.png~",
    "img/face/default/BE_side_0/side_border.png~",
    "img/face/default/BE_side_1/side_border.png~"
  ],
  "addonPlugin": [
    {
      "modName": "TweeReplacer",
      "addonName": "TweeReplacerAddon",
      "modVersion": "1.0.0",
      "params": [
        {
          "passage": "Widgets Attitudes",
          "findString": "<<loveInterestFunction>>",
          "replace": "<<loveInterestFunction>><<BJ_Extend_setting>>"
        },
        {
          "passage": "Widgets Canvas Model Main",
          "findString": "<<modelprepare-player-clothes>>",
          "replace": "<<BJ_Canvas_add>><<modelprepare-player-clothes>>"
        }
      ]
    },
    {
      "modName": "ReplacePatcher",
      "addonName": "ReplacePatcherAddon",
      "modVersion": "1.0.0",
      "params": {
        "js": [
          {
            "from": "old_over_upper: 164,",
            "to": "old_over_upper: 164,pussy:199,pussy_cum: 200,side_border: 120,side_border_pussy: 201,BE_left_lashes: 134,BE_left_lashes: 134 ,",
            "fileName": "00-canvasmodel-data.js"
          },
          {
            "from": "blush: 50,",
            "to": "blush: 50,blush_cover: 135,",
            "fileName": "00-canvasmodel-data.js"
          },
          {
            "from": "this.preprocess(options);",
            "to": "this.preprocess(options);setup.BE.preprocess_add(options)",
            "fileName": "00-canvasmodel.js"
          }
        ]
      }
    },
    {
      "modName": "BeautySelectorAddon",
      "addonName": "BeautySelectorAddon",
      "modVersion": "^2.0.0",
      "params": {
        "type": "BJ_Extend",
        "imgFileList": [
          "img/body/basehead.png",
          "img/body/breasts/BE_breasts_0/breasts1.png",
          "img/body/breasts/BE_breasts_0/breasts2.png",
          "img/body/breasts/BE_breasts_0/breasts3.png",
          "img/body/breasts/BE_breasts_0/breasts3_clothed.png",
          "img/body/breasts/BE_breasts_0/breasts4.png",
          "img/body/breasts/BE_breasts_0/breasts4_clothed.png",
          "img/body/breasts/BE_breasts_0/breasts5.png",
          "img/body/breasts/BE_breasts_0/breasts5_clothed.png",
          "img/body/breasts/BE_breasts_0/breasts6.png",
          "img/body/breasts/BE_breasts_0/breasts6_clothed.png",
          "img/body/breasts/BE_breasts_1/breasts1.png",
          "img/body/breasts/BE_breasts_1/breasts2.png",
          "img/body/breasts/BE_breasts_1/breasts3.png",
          "img/body/breasts/BE_breasts_1/breasts3_clothed.png",
          "img/body/breasts/BE_breasts_1/breasts4.png",
          "img/body/breasts/BE_breasts_1/breasts4_clothed.png",
          "img/body/breasts/BE_breasts_1/breasts5.png",
          "img/body/breasts/BE_breasts_1/breasts5_clothed.png",
          "img/body/breasts/BE_breasts_1/breasts6.png",
          "img/body/breasts/BE_breasts_1/breasts6_clothed.png",
          "img/body/cum/AnalCumDripFast.gif",
          "img/body/cum/AnalCumDripFast.png",
          "img/body/cum/AnalCumDripSlow.gif",
          "img/body/cum/AnalCumDripSlow.png",
          "img/body/cum/AnalCumDripStart.gif",
          "img/body/cum/AnalCumDripStart.png",
          "img/body/cum/AnalCumDripVeryFast.gif",
          "img/body/cum/AnalCumDripVeryFast.png",
          "img/body/cum/AnalCumDripVerySlow.gif",
          "img/body/cum/AnalCumDripVerySlow.png",
          "img/body/cum/VaginalCumDripFast.gif",
          "img/body/cum/VaginalCumDripFast.png",
          "img/body/cum/VaginalCumDripSlow.gif",
          "img/body/cum/VaginalCumDripSlow.png",
          "img/body/cum/VaginalCumDripStart.gif",
          "img/body/cum/VaginalCumDripStart.png",
          "img/body/cum/VaginalCumDripVeryFast.gif",
          "img/body/cum/VaginalCumDripVeryFast.png",
          "img/body/cum/VaginalCumDripVerySlow.gif",
          "img/body/cum/VaginalCumDripVerySlow.png",
          "img/bodywriting/heart/pubic.png",
          "img/face/default/blush1.png",
          "img/face/default/blush2.png",
          "img/face/default/blush3.png",
          "img/face/default/blush4.png",
          "img/face/default/blush5.png",
          "img/face/default/browlow.png",
          "img/face/default/browmid.png",
          "img/face/default/broworgasm.png",
          "img/face/default/browtop.png",
          "img/face/default/eyelids.png",
          "img/face/default/eyelids_halfclosed.png",
          "img/face/default/irisempty_halfclosed_left.png",
          "img/face/default/irisempty_halfclosed_right.png",
          "img/face/default/irisempty_left.png",
          "img/face/default/irisempty_right.png",
          "img/face/default/iris_halfclosed_left.png",
          "img/face/default/iris_halfclosed_right.png",
          "img/face/default/iris_left.png",
          "img/face/default/iris_org_left.png",
          "img/face/default/iris_org_right.png",
          "img/face/default/iris_right.png",
          "img/face/default/lashes.png",
          "img/face/default/lashes_halfclosed.png",
          "img/face/default/left_lashes_mask.png",
          "img/face/default/mouthcry.png",
          "img/face/default/mouthfrown.png",
          "img/face/default/mouthneutral.png",
          "img/face/default/mouthorg.png",
          "img/face/default/mouthsmile.png",
          "img/face/default/pussy0.png",
          "img/face/default/pussy1.png",
          "img/face/default/pussy_cum0.png",
          "img/face/default/pussy_cum1.png",
          "img/face/default/pussy_cum2.png",
          "img/face/default/right_lashes_mask.png",
          "img/face/default/side_border.png",
          "img/face/default/BE_brows_0/browlow.png",
          "img/face/default/BE_brows_0/browmid.png",
          "img/face/default/BE_brows_0/broworgasm.png",
          "img/face/default/BE_brows_0/browtop.png",
          "img/face/default/BE_brows_1/browlow.png",
          "img/face/default/BE_brows_1/browmid.png",
          "img/face/default/BE_brows_1/broworgasm.png",
          "img/face/default/BE_brows_1/browtop.png",
          "img/face/default/BE_eyes_0/eyelids.png",
          "img/face/default/BE_eyes_0/eyelids_halfclosed.png",
          "img/face/default/BE_eyes_0/irisempty_halfclosed_left.png",
          "img/face/default/BE_eyes_0/irisempty_halfclosed_right.png",
          "img/face/default/BE_eyes_0/irisempty_left.png",
          "img/face/default/BE_eyes_0/irisempty_org_left.png",
          "img/face/default/BE_eyes_0/irisempty_org_right.png",
          "img/face/default/BE_eyes_0/irisempty_right.png",
          "img/face/default/BE_eyes_0/iris_halfclosed_left.png",
          "img/face/default/BE_eyes_0/iris_halfclosed_right.png",
          "img/face/default/BE_eyes_0/iris_left.png",
          "img/face/default/BE_eyes_0/iris_org_left.png",
          "img/face/default/BE_eyes_0/iris_org_right.png",
          "img/face/default/BE_eyes_0/iris_right.png",
          "img/face/default/BE_eyes_0/lashes.png",
          "img/face/default/BE_eyes_0/lashes_halfclosed.png",
          "img/face/default/BE_eyes_0/sclera.png",
          "img/face/default/BE_eyes_0/sclerabloodshot.png",
          "img/face/default/BE_eyes_1/eyelids.png",
          "img/face/default/BE_eyes_1/eyelids_halfclosed.png",
          "img/face/default/BE_eyes_1/irisempty_halfclosed_left.png",
          "img/face/default/BE_eyes_1/irisempty_halfclosed_right.png",
          "img/face/default/BE_eyes_1/irisempty_left.png",
          "img/face/default/BE_eyes_1/irisempty_org_left.png",
          "img/face/default/BE_eyes_1/irisempty_org_right.png",
          "img/face/default/BE_eyes_1/irisempty_right.png",
          "img/face/default/BE_eyes_1/iris_halfclosed_left.png",
          "img/face/default/BE_eyes_1/iris_halfclosed_right.png",
          "img/face/default/BE_eyes_1/iris_left.png",
          "img/face/default/BE_eyes_1/iris_org_left.png",
          "img/face/default/BE_eyes_1/iris_org_right.png",
          "img/face/default/BE_eyes_1/iris_right.png",
          "img/face/default/BE_eyes_1/lashes.png",
          "img/face/default/BE_eyes_1/lashes_halfclosed.png",
          "img/face/default/BE_eyes_1/sclera.png",
          "img/face/default/BE_eyes_1/sclerabloodshot.png",
          "img/face/default/BE_head_0/basehead.png",
          "img/face/default/BE_head_1/basehead.png",
          "img/face/default/BE_lashes_0/eyelids.png",
          "img/face/default/BE_lashes_0/eyelids_halfclosed.png",
          "img/face/default/BE_lashes_0/lashes.png",
          "img/face/default/BE_lashes_0/lashes_halfclosed.png",
          "img/face/default/BE_lashes_1/eyelids.png",
          "img/face/default/BE_lashes_1/eyelids_halfclosed.png",
          "img/face/default/BE_lashes_1/lashes.png",
          "img/face/default/BE_lashes_1/lashes_halfclosed.png",
          "img/face/default/BE_mouth_0/mouthcry.png",
          "img/face/default/BE_mouth_0/mouthfrown.png",
          "img/face/default/BE_mouth_0/mouthneutral.png",
          "img/face/default/BE_mouth_0/mouthorg.png",
          "img/face/default/BE_mouth_0/mouthsmile.png",
          "img/face/default/BE_mouth_1/mouthcry.png",
          "img/face/default/BE_mouth_1/mouthfrown.png",
          "img/face/default/BE_mouth_1/mouthneutral.png",
          "img/face/default/BE_mouth_1/mouthorg.png",
          "img/face/default/BE_mouth_1/mouthsmile.png",
          "img/face/default/BE_mouth_2/mouthcry.png",
          "img/face/default/BE_mouth_2/mouthfrown.png",
          "img/face/default/BE_mouth_2/mouthneutral.png",
          "img/face/default/BE_mouth_2/mouthorg.png",
          "img/face/default/BE_mouth_2/mouthsmile.png",
          "img/face/default/BE_pussy_0/pussy0.png",
          "img/face/default/BE_pussy_0/pussy1.png",
          "img/face/default/BE_pussy_0/pussy_cum0.png",
          "img/face/default/BE_pussy_0/pussy_cum1.png",
          "img/face/default/BE_pussy_0/pussy_cum2.png",
          "img/face/default/BE_pussy_0/side_border_pussy.png",
          "img/face/default/BE_pussy_1/pussy0.png",
          "img/face/default/BE_pussy_1/pussy1.png",
          "img/face/default/BE_pussy_1/pussy_cum0.png",
          "img/face/default/BE_pussy_1/pussy_cum1.png",
          "img/face/default/BE_pussy_1/pussy_cum2.png",
          "img/face/default/BE_pussy_1/side_border_pussy.png",
          "img/face/default/BE_pussy_2/pussy0.png",
          "img/face/default/BE_pussy_2/pussy1.png",
          "img/face/default/BE_pussy_2/pussy_cum0.png",
          "img/face/default/BE_pussy_2/pussy_cum1.png",
          "img/face/default/BE_pussy_2/pussy_cum2.png",
          "img/face/default/BE_pussy_2/side_border_pussy.png",
          "img/face/default/BE_side_0/side_border.png",
          "img/face/default/BE_side_1/side_border.png",
          "img/face/default/makeup/lipstick_org.png",
          "img/hair/fringe/blunt locks/chest.png",
          "img/hair/fringe/blunt locks/feet.png",
          "img/hair/fringe/blunt locks/navel.png",
          "img/hair/fringe/blunt locks/short.png",
          "img/hair/fringe/blunt locks/shoulder.png",
          "img/hair/fringe/blunt locks/thighs.png",
          "img/hair/fringe/blunt locks/alt/chest.png",
          "img/hair/fringe/blunt locks/alt/feet.png",
          "img/hair/fringe/blunt locks/alt/navel.png",
          "img/hair/fringe/blunt locks/alt/short.png",
          "img/hair/fringe/blunt locks/alt/shoulder.png",
          "img/hair/fringe/blunt locks/alt/thighs.png",
          "img/hair/fringe/blunt sidelocks/chest.png",
          "img/hair/fringe/blunt sidelocks/feet.png",
          "img/hair/fringe/blunt sidelocks/navel.png",
          "img/hair/fringe/blunt sidelocks/short.png",
          "img/hair/fringe/blunt sidelocks/shoulder.png",
          "img/hair/fringe/blunt sidelocks/thighs.png",
          "img/hair/fringe/blunt sidelocks/alt/chest.png",
          "img/hair/fringe/blunt sidelocks/alt/feet.png",
          "img/hair/fringe/blunt sidelocks/alt/navel.png",
          "img/hair/fringe/blunt sidelocks/alt/short.png",
          "img/hair/fringe/blunt sidelocks/alt/shoulder.png",
          "img/hair/fringe/blunt sidelocks/alt/thighs.png",
          "img/hair/fringe/bowl/chest.png",
          "img/hair/fringe/bowl/feet.png",
          "img/hair/fringe/bowl/navel.png",
          "img/hair/fringe/bowl/short.png",
          "img/hair/fringe/bowl/shoulder.png",
          "img/hair/fringe/bowl/thighs.png",
          "img/hair/fringe/default/chest.png",
          "img/hair/fringe/default/feet.png",
          "img/hair/fringe/default/navel.png",
          "img/hair/fringe/default/short.png",
          "img/hair/fringe/default/shoulder.png",
          "img/hair/fringe/default/thighs.png",
          "img/hair/fringe/default/alt/chest.png",
          "img/hair/fringe/default/alt/feet.png",
          "img/hair/fringe/default/alt/navel.png",
          "img/hair/fringe/default/alt/short.png",
          "img/hair/fringe/default/alt/shoulder.png",
          "img/hair/fringe/default/alt/thighs.png",
          "img/hair/fringe/drill ringlets/chest.png",
          "img/hair/fringe/drill ringlets/feet.png",
          "img/hair/fringe/drill ringlets/navel.png",
          "img/hair/fringe/drill ringlets/short.png",
          "img/hair/fringe/drill ringlets/shoulder.png",
          "img/hair/fringe/drill ringlets/thighs.png",
          "img/hair/fringe/hime/chest.png",
          "img/hair/fringe/hime/feet.png",
          "img/hair/fringe/hime/navel.png",
          "img/hair/fringe/hime/short.png",
          "img/hair/fringe/hime/shoulder.png",
          "img/hair/fringe/hime/thighs.png",
          "img/hair/fringe/parted/chest.png",
          "img/hair/fringe/parted/feet.png",
          "img/hair/fringe/parted/navel.png",
          "img/hair/fringe/parted/short.png",
          "img/hair/fringe/parted/shoulder.png",
          "img/hair/fringe/parted/thighs.png",
          "img/hair/fringe/sleek/chest.png",
          "img/hair/fringe/sleek/feet.png",
          "img/hair/fringe/sleek/navel.png",
          "img/hair/fringe/sleek/short.png",
          "img/hair/fringe/sleek/shoulder.png",
          "img/hair/fringe/sleek/thighs.png",
          "img/hair/fringe/split/chest.png",
          "img/hair/fringe/split/feet.png",
          "img/hair/fringe/split/navel.png",
          "img/hair/fringe/split/short.png",
          "img/hair/fringe/split/shoulder.png",
          "img/hair/fringe/split/thighs.png",
          "img/hair/fringe/straight/chest.png",
          "img/hair/fringe/straight/feet.png",
          "img/hair/fringe/straight/navel.png",
          "img/hair/fringe/straight/short.png",
          "img/hair/fringe/straight/shoulder.png",
          "img/hair/fringe/straight/thighs.png",
          "img/hair/fringe/swept left/chest.png",
          "img/hair/fringe/swept left/feet.png",
          "img/hair/fringe/swept left/navel.png",
          "img/hair/fringe/swept left/short.png",
          "img/hair/fringe/swept left/shoulder.png",
          "img/hair/fringe/swept left/thighs.png",
          "img/hair/fringe/trident/chest.png",
          "img/hair/fringe/trident/feet.png",
          "img/hair/fringe/trident/navel.png",
          "img/hair/fringe/trident/short.png",
          "img/hair/fringe/trident/shoulder.png",
          "img/hair/fringe/trident/thighs.png",
          "img/hair/fringe/wide flaps/chest.png",
          "img/hair/fringe/wide flaps/feet.png",
          "img/hair/fringe/wide flaps/navel.png",
          "img/hair/fringe/wide flaps/short.png",
          "img/hair/fringe/wide flaps/shoulder.png",
          "img/hair/fringe/wide flaps/thighs.png",
          "img/hair/sides/french bob/chest.png",
          "img/hair/sides/french bob/feet.png",
          "img/hair/sides/french bob/navel.png",
          "img/hair/sides/french bob/short.png",
          "img/hair/sides/french bob/shoulder.png",
          "img/hair/sides/french bob/thighs.png",
          "img/hair/sides/neat/chest.png",
          "img/hair/sides/neat/feet.png",
          "img/hair/sides/neat/navel.png",
          "img/hair/sides/neat/short.png",
          "img/hair/sides/neat/shoulder.png",
          "img/hair/sides/neat/thighs.png",
          "img/hair/sides/straight/chest.png",
          "img/hair/sides/straight/feet.png",
          "img/hair/sides/straight/navel.png",
          "img/hair/sides/straight/short.png",
          "img/hair/sides/straight/shoulder.png",
          "img/hair/sides/straight/thighs.png",
          "img/hair/sides/thick twintails/chest.png",
          "img/hair/sides/thick twintails/feet.png",
          "img/hair/sides/thick twintails/navel.png",
          "img/hair/sides/thick twintails/short.png",
          "img/hair/sides/thick twintails/shoulder.png",
          "img/hair/sides/thick twintails/thighs.png",
          "img/transformations/bird/leftwing/default.png",
          "img/transformations/bird/rightwing/default.png"
        ]
      }
    }
  ],
  "dependenceInfo": [
    {
      "modName": "ModLoader",
      "version": ">=1.1.0"
    },
    {
      "modName": "TweeReplacer",
      "version": ">=1.0.0"
    },
    {
      "modName": "ReplacePatcher",
      "version": ">=1.0.0"
    },
    {
      "modName": "BeautySelectorAddon",
      "version": "^2.0.0"
    }
  ],
  "additionBinaryFile": [
    "img/body/basehead.png",
    "img/body/breasts/BE_breasts_0/breasts1.png",
    "img/body/breasts/BE_breasts_0/breasts2.png",
    "img/body/breasts/BE_breasts_0/breasts3.png",
    "img/body/breasts/BE_breasts_0/breasts3_clothed.png",
    "img/body/breasts/BE_breasts_0/breasts4.png",
    "img/body/breasts/BE_breasts_0/breasts4_clothed.png",
    "img/body/breasts/BE_breasts_0/breasts5.png",
    "img/body/breasts/BE_breasts_0/breasts5_clothed.png",
    "img/body/breasts/BE_breasts_0/breasts6.png",
    "img/body/breasts/BE_breasts_0/breasts6_clothed.png",
    "img/body/breasts/BE_breasts_1/breasts1.png",
    "img/body/breasts/BE_breasts_1/breasts2.png",
    "img/body/breasts/BE_breasts_1/breasts3.png",
    "img/body/breasts/BE_breasts_1/breasts3_clothed.png",
    "img/body/breasts/BE_breasts_1/breasts4.png",
    "img/body/breasts/BE_breasts_1/breasts4_clothed.png",
    "img/body/breasts/BE_breasts_1/breasts5.png",
    "img/body/breasts/BE_breasts_1/breasts5_clothed.png",
    "img/body/breasts/BE_breasts_1/breasts6.png",
    "img/body/breasts/BE_breasts_1/breasts6_clothed.png",
    "img/body/cum/AnalCumDripFast.gif",
    "img/body/cum/AnalCumDripFast.png",
    "img/body/cum/AnalCumDripSlow.gif",
    "img/body/cum/AnalCumDripSlow.png",
    "img/body/cum/AnalCumDripStart.gif",
    "img/body/cum/AnalCumDripStart.png",
    "img/body/cum/AnalCumDripVeryFast.gif",
    "img/body/cum/AnalCumDripVeryFast.png",
    "img/body/cum/AnalCumDripVerySlow.gif",
    "img/body/cum/AnalCumDripVerySlow.png",
    "img/body/cum/VaginalCumDripFast.gif",
    "img/body/cum/VaginalCumDripFast.png",
    "img/body/cum/VaginalCumDripSlow.gif",
    "img/body/cum/VaginalCumDripSlow.png",
    "img/body/cum/VaginalCumDripStart.gif",
    "img/body/cum/VaginalCumDripStart.png",
    "img/body/cum/VaginalCumDripVeryFast.gif",
    "img/body/cum/VaginalCumDripVeryFast.png",
    "img/body/cum/VaginalCumDripVerySlow.gif",
    "img/body/cum/VaginalCumDripVerySlow.png",
    "img/bodywriting/heart/pubic.png",
    "img/face/default/blush1.png",
    "img/face/default/blush2.png",
    "img/face/default/blush3.png",
    "img/face/default/blush4.png",
    "img/face/default/blush5.png",
    "img/face/default/browlow.png",
    "img/face/default/browmid.png",
    "img/face/default/broworgasm.png",
    "img/face/default/browtop.png",
    "img/face/default/eyelids.png",
    "img/face/default/eyelids_halfclosed.png",
    "img/face/default/irisempty_halfclosed_left.png",
    "img/face/default/irisempty_halfclosed_right.png",
    "img/face/default/irisempty_left.png",
    "img/face/default/irisempty_right.png",
    "img/face/default/iris_halfclosed_left.png",
    "img/face/default/iris_halfclosed_right.png",
    "img/face/default/iris_left.png",
    "img/face/default/iris_org_left.png",
    "img/face/default/iris_org_right.png",
    "img/face/default/iris_right.png",
    "img/face/default/lashes.png",
    "img/face/default/lashes_halfclosed.png",
    "img/face/default/left_lashes_mask.png",
    "img/face/default/mouthcry.png",
    "img/face/default/mouthfrown.png",
    "img/face/default/mouthneutral.png",
    "img/face/default/mouthorg.png",
    "img/face/default/mouthsmile.png",
    "img/face/default/pussy0.png",
    "img/face/default/pussy1.png",
    "img/face/default/pussy_cum0.png",
    "img/face/default/pussy_cum1.png",
    "img/face/default/pussy_cum2.png",
    "img/face/default/right_lashes_mask.png",
    "img/face/default/side_border.png",
    "img/face/default/BE_brows_0/browlow.png",
    "img/face/default/BE_brows_0/browmid.png",
    "img/face/default/BE_brows_0/broworgasm.png",
    "img/face/default/BE_brows_0/browtop.png",
    "img/face/default/BE_brows_1/browlow.png",
    "img/face/default/BE_brows_1/browmid.png",
    "img/face/default/BE_brows_1/broworgasm.png",
    "img/face/default/BE_brows_1/browtop.png",
    "img/face/default/BE_eyes_0/eyelids.png",
    "img/face/default/BE_eyes_0/eyelids_halfclosed.png",
    "img/face/default/BE_eyes_0/irisempty_halfclosed_left.png",
    "img/face/default/BE_eyes_0/irisempty_halfclosed_right.png",
    "img/face/default/BE_eyes_0/irisempty_left.png",
    "img/face/default/BE_eyes_0/irisempty_org_left.png",
    "img/face/default/BE_eyes_0/irisempty_org_right.png",
    "img/face/default/BE_eyes_0/irisempty_right.png",
    "img/face/default/BE_eyes_0/iris_halfclosed_left.png",
    "img/face/default/BE_eyes_0/iris_halfclosed_right.png",
    "img/face/default/BE_eyes_0/iris_left.png",
    "img/face/default/BE_eyes_0/iris_org_left.png",
    "img/face/default/BE_eyes_0/iris_org_right.png",
    "img/face/default/BE_eyes_0/iris_right.png",
    "img/face/default/BE_eyes_0/lashes.png",
    "img/face/default/BE_eyes_0/lashes_halfclosed.png",
    "img/face/default/BE_eyes_0/sclera.png",
    "img/face/default/BE_eyes_0/sclerabloodshot.png",
    "img/face/default/BE_eyes_1/eyelids.png",
    "img/face/default/BE_eyes_1/eyelids_halfclosed.png",
    "img/face/default/BE_eyes_1/irisempty_halfclosed_left.png",
    "img/face/default/BE_eyes_1/irisempty_halfclosed_right.png",
    "img/face/default/BE_eyes_1/irisempty_left.png",
    "img/face/default/BE_eyes_1/irisempty_org_left.png",
    "img/face/default/BE_eyes_1/irisempty_org_right.png",
    "img/face/default/BE_eyes_1/irisempty_right.png",
    "img/face/default/BE_eyes_1/iris_halfclosed_left.png",
    "img/face/default/BE_eyes_1/iris_halfclosed_right.png",
    "img/face/default/BE_eyes_1/iris_left.png",
    "img/face/default/BE_eyes_1/iris_org_left.png",
    "img/face/default/BE_eyes_1/iris_org_right.png",
    "img/face/default/BE_eyes_1/iris_right.png",
    "img/face/default/BE_eyes_1/lashes.png",
    "img/face/default/BE_eyes_1/lashes_halfclosed.png",
    "img/face/default/BE_eyes_1/sclera.png",
    "img/face/default/BE_eyes_1/sclerabloodshot.png",
    "img/face/default/BE_head_0/basehead.png",
    "img/face/default/BE_head_1/basehead.png",
    "img/face/default/BE_lashes_0/eyelids.png",
    "img/face/default/BE_lashes_0/eyelids_halfclosed.png",
    "img/face/default/BE_lashes_0/lashes.png",
    "img/face/default/BE_lashes_0/lashes_halfclosed.png",
    "img/face/default/BE_lashes_1/eyelids.png",
    "img/face/default/BE_lashes_1/eyelids_halfclosed.png",
    "img/face/default/BE_lashes_1/lashes.png",
    "img/face/default/BE_lashes_1/lashes_halfclosed.png",
    "img/face/default/BE_mouth_0/mouthcry.png",
    "img/face/default/BE_mouth_0/mouthfrown.png",
    "img/face/default/BE_mouth_0/mouthneutral.png",
    "img/face/default/BE_mouth_0/mouthorg.png",
    "img/face/default/BE_mouth_0/mouthsmile.png",
    "img/face/default/BE_mouth_1/mouthcry.png",
    "img/face/default/BE_mouth_1/mouthfrown.png",
    "img/face/default/BE_mouth_1/mouthneutral.png",
    "img/face/default/BE_mouth_1/mouthorg.png",
    "img/face/default/BE_mouth_1/mouthsmile.png",
    "img/face/default/BE_mouth_2/mouthcry.png",
    "img/face/default/BE_mouth_2/mouthfrown.png",
    "img/face/default/BE_mouth_2/mouthneutral.png",
    "img/face/default/BE_mouth_2/mouthorg.png",
    "img/face/default/BE_mouth_2/mouthsmile.png",
    "img/face/default/BE_pussy_0/pussy0.png",
    "img/face/default/BE_pussy_0/pussy1.png",
    "img/face/default/BE_pussy_0/pussy_cum0.png",
    "img/face/default/BE_pussy_0/pussy_cum1.png",
    "img/face/default/BE_pussy_0/pussy_cum2.png",
    "img/face/default/BE_pussy_0/side_border_pussy.png",
    "img/face/default/BE_pussy_1/pussy0.png",
    "img/face/default/BE_pussy_1/pussy1.png",
    "img/face/default/BE_pussy_1/pussy_cum0.png",
    "img/face/default/BE_pussy_1/pussy_cum1.png",
    "img/face/default/BE_pussy_1/pussy_cum2.png",
    "img/face/default/BE_pussy_1/side_border_pussy.png",
    "img/face/default/BE_pussy_2/pussy0.png",
    "img/face/default/BE_pussy_2/pussy1.png",
    "img/face/default/BE_pussy_2/pussy_cum0.png",
    "img/face/default/BE_pussy_2/pussy_cum1.png",
    "img/face/default/BE_pussy_2/pussy_cum2.png",
    "img/face/default/BE_pussy_2/side_border_pussy.png",
    "img/face/default/BE_side_0/side_border.png",
    "img/face/default/BE_side_1/side_border.png",
    "img/face/default/makeup/lipstick_org.png",
    "img/hair/fringe/blunt locks/chest.png",
    "img/hair/fringe/blunt locks/feet.png",
    "img/hair/fringe/blunt locks/navel.png",
    "img/hair/fringe/blunt locks/short.png",
    "img/hair/fringe/blunt locks/shoulder.png",
    "img/hair/fringe/blunt locks/thighs.png",
    "img/hair/fringe/blunt locks/alt/chest.png",
    "img/hair/fringe/blunt locks/alt/feet.png",
    "img/hair/fringe/blunt locks/alt/navel.png",
    "img/hair/fringe/blunt locks/alt/short.png",
    "img/hair/fringe/blunt locks/alt/shoulder.png",
    "img/hair/fringe/blunt locks/alt/thighs.png",
    "img/hair/fringe/blunt sidelocks/chest.png",
    "img/hair/fringe/blunt sidelocks/feet.png",
    "img/hair/fringe/blunt sidelocks/navel.png",
    "img/hair/fringe/blunt sidelocks/short.png",
    "img/hair/fringe/blunt sidelocks/shoulder.png",
    "img/hair/fringe/blunt sidelocks/thighs.png",
    "img/hair/fringe/blunt sidelocks/alt/chest.png",
    "img/hair/fringe/blunt sidelocks/alt/feet.png",
    "img/hair/fringe/blunt sidelocks/alt/navel.png",
    "img/hair/fringe/blunt sidelocks/alt/short.png",
    "img/hair/fringe/blunt sidelocks/alt/shoulder.png",
    "img/hair/fringe/blunt sidelocks/alt/thighs.png",
    "img/hair/fringe/bowl/chest.png",
    "img/hair/fringe/bowl/feet.png",
    "img/hair/fringe/bowl/navel.png",
    "img/hair/fringe/bowl/short.png",
    "img/hair/fringe/bowl/shoulder.png",
    "img/hair/fringe/bowl/thighs.png",
    "img/hair/fringe/default/chest.png",
    "img/hair/fringe/default/feet.png",
    "img/hair/fringe/default/navel.png",
    "img/hair/fringe/default/short.png",
    "img/hair/fringe/default/shoulder.png",
    "img/hair/fringe/default/thighs.png",
    "img/hair/fringe/default/alt/chest.png",
    "img/hair/fringe/default/alt/feet.png",
    "img/hair/fringe/default/alt/navel.png",
    "img/hair/fringe/default/alt/short.png",
    "img/hair/fringe/default/alt/shoulder.png",
    "img/hair/fringe/default/alt/thighs.png",
    "img/hair/fringe/drill ringlets/chest.png",
    "img/hair/fringe/drill ringlets/feet.png",
    "img/hair/fringe/drill ringlets/navel.png",
    "img/hair/fringe/drill ringlets/short.png",
    "img/hair/fringe/drill ringlets/shoulder.png",
    "img/hair/fringe/drill ringlets/thighs.png",
    "img/hair/fringe/hime/chest.png",
    "img/hair/fringe/hime/feet.png",
    "img/hair/fringe/hime/navel.png",
    "img/hair/fringe/hime/short.png",
    "img/hair/fringe/hime/shoulder.png",
    "img/hair/fringe/hime/thighs.png",
    "img/hair/fringe/parted/chest.png",
    "img/hair/fringe/parted/feet.png",
    "img/hair/fringe/parted/navel.png",
    "img/hair/fringe/parted/short.png",
    "img/hair/fringe/parted/shoulder.png",
    "img/hair/fringe/parted/thighs.png",
    "img/hair/fringe/sleek/chest.png",
    "img/hair/fringe/sleek/feet.png",
    "img/hair/fringe/sleek/navel.png",
    "img/hair/fringe/sleek/short.png",
    "img/hair/fringe/sleek/shoulder.png",
    "img/hair/fringe/sleek/thighs.png",
    "img/hair/fringe/split/chest.png",
    "img/hair/fringe/split/feet.png",
    "img/hair/fringe/split/navel.png",
    "img/hair/fringe/split/short.png",
    "img/hair/fringe/split/shoulder.png",
    "img/hair/fringe/split/thighs.png",
    "img/hair/fringe/straight/chest.png",
    "img/hair/fringe/straight/feet.png",
    "img/hair/fringe/straight/navel.png",
    "img/hair/fringe/straight/short.png",
    "img/hair/fringe/straight/shoulder.png",
    "img/hair/fringe/straight/thighs.png",
    "img/hair/fringe/swept left/chest.png",
    "img/hair/fringe/swept left/feet.png",
    "img/hair/fringe/swept left/navel.png",
    "img/hair/fringe/swept left/short.png",
    "img/hair/fringe/swept left/shoulder.png",
    "img/hair/fringe/swept left/thighs.png",
    "img/hair/fringe/trident/chest.png",
    "img/hair/fringe/trident/feet.png",
    "img/hair/fringe/trident/navel.png",
    "img/hair/fringe/trident/short.png",
    "img/hair/fringe/trident/shoulder.png",
    "img/hair/fringe/trident/thighs.png",
    "img/hair/fringe/wide flaps/chest.png",
    "img/hair/fringe/wide flaps/feet.png",
    "img/hair/fringe/wide flaps/navel.png",
    "img/hair/fringe/wide flaps/short.png",
    "img/hair/fringe/wide flaps/shoulder.png",
    "img/hair/fringe/wide flaps/thighs.png",
    "img/hair/sides/french bob/chest.png",
    "img/hair/sides/french bob/feet.png",
    "img/hair/sides/french bob/navel.png",
    "img/hair/sides/french bob/short.png",
    "img/hair/sides/french bob/shoulder.png",
    "img/hair/sides/french bob/thighs.png",
    "img/hair/sides/neat/chest.png",
    "img/hair/sides/neat/feet.png",
    "img/hair/sides/neat/navel.png",
    "img/hair/sides/neat/short.png",
    "img/hair/sides/neat/shoulder.png",
    "img/hair/sides/neat/thighs.png",
    "img/hair/sides/straight/chest.png",
    "img/hair/sides/straight/feet.png",
    "img/hair/sides/straight/navel.png",
    "img/hair/sides/straight/short.png",
    "img/hair/sides/straight/shoulder.png",
    "img/hair/sides/straight/thighs.png",
    "img/hair/sides/thick twintails/chest.png",
    "img/hair/sides/thick twintails/feet.png",
    "img/hair/sides/thick twintails/navel.png",
    "img/hair/sides/thick twintails/short.png",
    "img/hair/sides/thick twintails/shoulder.png",
    "img/hair/sides/thick twintails/thighs.png",
    "img/transformations/bird/leftwing/default.png",
    "img/transformations/bird/rightwing/default.png"
  ]
}