{
  "name": "VGP_Extend",
  "version": "2.0.17",
  "styleFileList": [],
  "scriptFileList": [
    "addon/change_layer.js"
  ],
  "tweeFileList": [],
  "addonPlugin": [
    {
      "modName": "BeautySelectorAddon",
      "addonName": "BeautySelectorAddon",
      "modVersion": "^2.0.0",
      "params": {
        "type": "VGP_Extend",
        "imgFileList": [
          "img/body/basehead.png",
          "img/body/breasts/SE_breasts_0/breasts1.png",
          "img/body/breasts/SE_breasts_0/breasts2.png",
          "img/body/breasts/SE_breasts_0/breasts3.png",
          "img/body/breasts/SE_breasts_0/breasts3_clothed.png",
          "img/body/breasts/SE_breasts_0/breasts4.png",
          "img/body/breasts/SE_breasts_0/breasts4_clothed.png",
          "img/body/breasts/SE_breasts_0/breasts5.png",
          "img/body/breasts/SE_breasts_0/breasts5_clothed.png",
          "img/body/breasts/SE_breasts_0/breasts6.png",
          "img/body/breasts/SE_breasts_0/breasts6_clothed.png",
          "img/body/breasts/SE_breasts_1/breasts1.png",
          "img/body/breasts/SE_breasts_1/breasts2.png",
          "img/body/breasts/SE_breasts_1/breasts3.png",
          "img/body/breasts/SE_breasts_1/breasts3_clothed.png",
          "img/body/breasts/SE_breasts_1/breasts4.png",
          "img/body/breasts/SE_breasts_1/breasts4_clothed.png",
          "img/body/breasts/SE_breasts_1/breasts5.png",
          "img/body/breasts/SE_breasts_1/breasts5_clothed.png",
          "img/body/breasts/SE_breasts_1/breasts6.png",
          "img/body/breasts/SE_breasts_1/breasts6_clothed.png",
          "img/body/cum/AnalCumDripFast.gif",
          "img/body/cum/AnalCumDripFast.png",
          "img/body/cum/AnalCumDripSlow.gif",
          "img/body/cum/AnalCumDripSlow.png",
          "img/body/cum/AnalCumDripStart.gif",
          "img/body/cum/AnalCumDripStart.png",
          "img/body/cum/AnalCumDripVeryFast.gif",
          "img/body/cum/AnalCumDripVeryFast.png",
          "img/body/cum/AnalCumDripVerySlow.gif",
          "img/body/cum/AnalCumDripVerySlow.png",
          "img/body/cum/VaginalCumDripFast.gif",
          "img/body/cum/VaginalCumDripFast.png",
          "img/body/cum/VaginalCumDripSlow.gif",
          "img/body/cum/VaginalCumDripSlow.png",
          "img/body/cum/VaginalCumDripStart.gif",
          "img/body/cum/VaginalCumDripStart.png",
          "img/body/cum/VaginalCumDripVeryFast.gif",
          "img/body/cum/VaginalCumDripVeryFast.png",
          "img/body/cum/VaginalCumDripVerySlow.gif",
          "img/body/cum/VaginalCumDripVerySlow.png",
          "img/face/default/base.png",
          "img/face/default/basehead.png",
          "img/face/default/blush1.png",
          "img/face/default/blush2.png",
          "img/face/default/blush3.png",
          "img/face/default/blush4.png",
          "img/face/default/blush5.png",
          "img/face/default/ears.png",
          "img/face/default/freckles.png",
          "img/face/default/iris.png",
          "img/face/default/mouth-chew.png",
          "img/face/default/mouth-cry.png",
          "img/face/default/mouth-frown.png",
          "img/face/default/mouth-neutral.png",
          "img/face/default/mouth-org.png",
          "img/face/default/mouth-smile.png",
          "img/face/default/sclera-bloodshot.png",
          "img/face/default/sclera.png",
          "img/face/default/tear1.png",
          "img/face/default/tear2.png",
          "img/face/default/tear3.png",
          "img/face/default/tear4.png",
          "img/face/default/aloof/brow-low.png",
          "img/face/default/aloof/brow-mid.png",
          "img/face/default/aloof/brow-orgasm.png",
          "img/face/default/aloof/brow-top.png",
          "img/face/default/aloof/eyelids-half-closed.png",
          "img/face/default/aloof/eyelids.png",
          "img/face/default/aloof/eyes.png",
          "img/face/default/aloof/iris-empty-half-closed.png",
          "img/face/default/aloof/iris-empty.png",
          "img/face/default/aloof/iris-half-closed.png",
          "img/face/default/aloof/iris.png",
          "img/face/default/aloof/lashes-half-closed.png",
          "img/face/default/aloof/lashes.png",
          "img/face/default/aloof/sclera-bloodshot.png",
          "img/face/default/aloof/sclera.png",
          "img/face/default/aloof/makeup/eyeshadow-half-closed.png",
          "img/face/default/aloof/makeup/eyeshadow.png",
          "img/face/default/aloof/makeup/mascara-half-closed.png",
          "img/face/default/aloof/makeup/mascara.png",
          "img/face/default/aloof/makeup/mascara1.png",
          "img/face/default/aloof/makeup/mascara2.png",
          "img/face/default/aloof/makeup/mascara3.png",
          "img/face/default/aloof/makeup/mascara4.png",
          "img/face/default/catty/brow-low.png",
          "img/face/default/catty/brow-mid.png",
          "img/face/default/catty/brow-orgasm.png",
          "img/face/default/catty/brow-top.png",
          "img/face/default/catty/eyelids-half-closed.png",
          "img/face/default/catty/eyelids.png",
          "img/face/default/catty/eyes.png",
          "img/face/default/catty/iris-empty-half-closed.png",
          "img/face/default/catty/iris-empty.png",
          "img/face/default/catty/iris-half-closed.png",
          "img/face/default/catty/iris.png",
          "img/face/default/catty/lashes-half-closed.png",
          "img/face/default/catty/lashes.png",
          "img/face/default/catty/sclera-bloodshot.png",
          "img/face/default/catty/sclera.png",
          "img/face/default/catty/makeup/eyeshadow-half-closed.png",
          "img/face/default/catty/makeup/eyeshadow.png",
          "img/face/default/catty/makeup/mascara-half-closed.png",
          "img/face/default/catty/makeup/mascara.png",
          "img/face/default/catty/makeup/mascara1.png",
          "img/face/default/catty/makeup/mascara2.png",
          "img/face/default/catty/makeup/mascara3.png",
          "img/face/default/catty/makeup/mascara4.png",
          "img/face/default/default/base.png",
          "img/face/default/default/brow-low.png",
          "img/face/default/default/brow-mid.png",
          "img/face/default/default/brow-orgasm.png",
          "img/face/default/default/brow-top.png",
          "img/face/default/default/ears.png",
          "img/face/default/default/eyelids-half-closed.png",
          "img/face/default/default/eyelids.png",
          "img/face/default/default/eyes.png",
          "img/face/default/default/iris-empty-half-closed.png",
          "img/face/default/default/iris-empty.png",
          "img/face/default/default/iris-half-closed.png",
          "img/face/default/default/iris.png",
          "img/face/default/default/lashes-half-closed.png",
          "img/face/default/default/lashes.png",
          "img/face/default/default/sclera-bloodshot.png",
          "img/face/default/default/sclera.png",
          "img/face/default/default/makeup/eyeshadow-half-closed.png",
          "img/face/default/default/makeup/eyeshadow.png",
          "img/face/default/default/makeup/mascara-half-closed.png",
          "img/face/default/default/makeup/mascara.png",
          "img/face/default/default/makeup/mascara1.png",
          "img/face/default/default/makeup/mascara2.png",
          "img/face/default/default/makeup/mascara3.png",
          "img/face/default/default/makeup/mascara4.png",
          "img/face/default/makeup/eyeshadows.png",
          "img/face/default/makeup/eyeshadows_halfclosed.png",
          "img/face/default/makeup/lipstick_cry.png",
          "img/face/default/makeup/lipstick_frown.png",
          "img/face/default/makeup/lipstick_neutral.png",
          "img/face/default/makeup/lipstick_smile.png",
          "img/face/default/makeup/mascara.png",
          "img/face/default/makeup/mascara1.png",
          "img/face/default/makeup/mascara2.png",
          "img/face/default/makeup/mascara3.png",
          "img/face/default/makeup/mascara4.png",
          "img/face/default/makeup/mascara_halfclosed.png",
          "img/face/default/sweet/base.png",
          "img/face/default/sweet/brow-low.png",
          "img/face/default/sweet/brow-mid.png",
          "img/face/default/sweet/brow-orgasm.png",
          "img/face/default/sweet/brow-top.png",
          "img/face/default/sweet/ears.png",
          "img/face/default/sweet/eyelids-half-closed.png",
          "img/face/default/sweet/eyelids.png",
          "img/face/default/sweet/eyes.png",
          "img/face/default/sweet/iris-empty-half-closed.png",
          "img/face/default/sweet/iris-empty.png",
          "img/face/default/sweet/iris-half-closed.png",
          "img/face/default/sweet/iris.png",
          "img/face/default/sweet/lashes-half-closed.png",
          "img/face/default/sweet/lashes.png",
          "img/face/default/sweet/sclera-bloodshot.png",
          "img/face/default/sweet/sclera.png",
          "img/face/default/sweet/makeup/eyeshadow-half-closed.png",
          "img/face/default/sweet/makeup/eyeshadow.png",
          "img/face/default/sweet/makeup/mascara-half-closed.png",
          "img/face/default/sweet/makeup/mascara.png",
          "img/face/default/sweet/makeup/mascara1.png",
          "img/face/default/sweet/makeup/mascara2.png",
          "img/face/default/sweet/makeup/mascara3.png",
          "img/face/default/sweet/makeup/mascara4.png",
          "img/hair/fringe/back/chest.png",
          "img/hair/fringe/back/feet.png",
          "img/hair/fringe/back/navel.png",
          "img/hair/fringe/back/short.png",
          "img/hair/fringe/back/shoulder.png",
          "img/hair/fringe/back/thighs.png",
          "img/hair/fringe/blunt sidelocks/chest.png",
          "img/hair/fringe/blunt sidelocks/feet.png",
          "img/hair/fringe/blunt sidelocks/navel.png",
          "img/hair/fringe/blunt sidelocks/short.png",
          "img/hair/fringe/blunt sidelocks/shoulder.png",
          "img/hair/fringe/blunt sidelocks/thighs.png",
          "img/hair/fringe/bowl/chest.png",
          "img/hair/fringe/bowl/feet.png",
          "img/hair/fringe/bowl/navel.png",
          "img/hair/fringe/bowl/short.png",
          "img/hair/fringe/bowl/shoulder.png",
          "img/hair/fringe/bowl/thighs.png",
          "img/hair/fringe/buzzcut/chest.png",
          "img/hair/fringe/buzzcut/feet.png",
          "img/hair/fringe/buzzcut/navel.png",
          "img/hair/fringe/buzzcut/short.png",
          "img/hair/fringe/buzzcut/shoulder.png",
          "img/hair/fringe/buzzcut/thighs.png",
          "img/hair/fringe/crude/short.png",
          "img/hair/fringe/curtain/chest.png",
          "img/hair/fringe/curtain/feet.png",
          "img/hair/fringe/curtain/navel.png",
          "img/hair/fringe/curtain/short.png",
          "img/hair/fringe/curtain/shoulder.png",
          "img/hair/fringe/curtain/thighs.png",
          "img/hair/fringe/default/chest.png",
          "img/hair/fringe/default/feet.png",
          "img/hair/fringe/default/navel.png",
          "img/hair/fringe/default/short.png",
          "img/hair/fringe/default/shoulder.png",
          "img/hair/fringe/default/thighs.png",
          "img/hair/fringe/dread bun/chest.png",
          "img/hair/fringe/dread bun/feet.png",
          "img/hair/fringe/dread bun/navel.png",
          "img/hair/fringe/dread bun/short.png",
          "img/hair/fringe/dread bun/shoulder.png",
          "img/hair/fringe/dread bun/thighs.png",
          "img/hair/fringe/dreadlocks/chest.png",
          "img/hair/fringe/dreadlocks/feet.png",
          "img/hair/fringe/dreadlocks/navel.png",
          "img/hair/fringe/dreadlocks/short.png",
          "img/hair/fringe/dreadlocks/shoulder.png",
          "img/hair/fringe/dreadlocks/thighs.png",
          "img/hair/fringe/drill ringlets/chest.png",
          "img/hair/fringe/drill ringlets/feet.png",
          "img/hair/fringe/drill ringlets/navel.png",
          "img/hair/fringe/drill ringlets/short.png",
          "img/hair/fringe/drill ringlets/shoulder.png",
          "img/hair/fringe/drill ringlets/thighs.png",
          "img/hair/fringe/emo/chest.png",
          "img/hair/fringe/emo/feet.png",
          "img/hair/fringe/emo/navel.png",
          "img/hair/fringe/emo/short.png",
          "img/hair/fringe/emo/shoulder.png",
          "img/hair/fringe/emo/thighs.png",
          "img/hair/fringe/emo left/chest.png",
          "img/hair/fringe/emo left/feet.png",
          "img/hair/fringe/emo left/navel.png",
          "img/hair/fringe/emo left/short.png",
          "img/hair/fringe/emo left/shoulder.png",
          "img/hair/fringe/emo left/thighs.png",
          "img/hair/fringe/emo right/chest.png",
          "img/hair/fringe/emo right/feet.png",
          "img/hair/fringe/emo right/navel.png",
          "img/hair/fringe/emo right/short.png",
          "img/hair/fringe/emo right/shoulder.png",
          "img/hair/fringe/emo right/thighs.png",
          "img/hair/fringe/flat/chest.png",
          "img/hair/fringe/flat/feet.png",
          "img/hair/fringe/flat/navel.png",
          "img/hair/fringe/flat/short.png",
          "img/hair/fringe/flat/shoulder.png",
          "img/hair/fringe/flat/thighs.png",
          "img/hair/fringe/framed/chest.png",
          "img/hair/fringe/framed/feet.png",
          "img/hair/fringe/framed/navel.png",
          "img/hair/fringe/framed/short.png",
          "img/hair/fringe/framed/shoulder.png",
          "img/hair/fringe/framed/thighs.png",
          "img/hair/fringe/fro/chest.png",
          "img/hair/fringe/fro/feet.png",
          "img/hair/fringe/fro/mask.png",
          "img/hair/fringe/fro/navel.png",
          "img/hair/fringe/fro/short.png",
          "img/hair/fringe/fro/shoulder.png",
          "img/hair/fringe/fro/thighs.png",
          "img/hair/fringe/front braids/chest.png",
          "img/hair/fringe/front braids/feet.png",
          "img/hair/fringe/front braids/navel.png",
          "img/hair/fringe/front braids/short.png",
          "img/hair/fringe/front braids/shoulder.png",
          "img/hair/fringe/front braids/thighs.png",
          "img/hair/fringe/hime/chest.png",
          "img/hair/fringe/hime/feet.png",
          "img/hair/fringe/hime/navel.png",
          "img/hair/fringe/hime/short.png",
          "img/hair/fringe/hime/shoulder.png",
          "img/hair/fringe/hime/thighs.png",
          "img/hair/fringe/hime/alt/chest.png",
          "img/hair/fringe/hime/alt/feet.png",
          "img/hair/fringe/hime/alt/navel.png",
          "img/hair/fringe/hime/alt/short.png",
          "img/hair/fringe/hime/alt/shoulder.png",
          "img/hair/fringe/hime/alt/thighs.png",
          "img/hair/fringe/loose/chest.png",
          "img/hair/fringe/loose/feet.png",
          "img/hair/fringe/loose/navel.png",
          "img/hair/fringe/loose/short.png",
          "img/hair/fringe/loose/shoulder.png",
          "img/hair/fringe/loose/thighs.png",
          "img/hair/fringe/messy/chest.png",
          "img/hair/fringe/messy/feet.png",
          "img/hair/fringe/messy/navel.png",
          "img/hair/fringe/messy/short.png",
          "img/hair/fringe/messy/shoulder.png",
          "img/hair/fringe/messy/thighs.png",
          "img/hair/fringe/mohawk/chest.png",
          "img/hair/fringe/mohawk/feet.png",
          "img/hair/fringe/mohawk/navel.png",
          "img/hair/fringe/mohawk/short.png",
          "img/hair/fringe/mohawk/shoulder.png",
          "img/hair/fringe/mohawk/thighs.png",
          "img/hair/fringe/old_hime/chest.png",
          "img/hair/fringe/old_hime/feet.png",
          "img/hair/fringe/old_hime/navel.png",
          "img/hair/fringe/old_hime/short.png",
          "img/hair/fringe/old_hime/shoulder.png",
          "img/hair/fringe/old_hime/thighs.png",
          "img/hair/fringe/overgrown/chest.png",
          "img/hair/fringe/overgrown/feet.png",
          "img/hair/fringe/overgrown/navel.png",
          "img/hair/fringe/overgrown/short.png",
          "img/hair/fringe/overgrown/shoulder.png",
          "img/hair/fringe/overgrown/thighs.png",
          "img/hair/fringe/parted/chest.png",
          "img/hair/fringe/parted/feet.png",
          "img/hair/fringe/parted/navel.png",
          "img/hair/fringe/parted/short.png",
          "img/hair/fringe/parted/shoulder.png",
          "img/hair/fringe/parted/thighs.png",
          "img/hair/fringe/quiff/chest.png",
          "img/hair/fringe/quiff/feet.png",
          "img/hair/fringe/quiff/navel.png",
          "img/hair/fringe/quiff/short.png",
          "img/hair/fringe/quiff/shoulder.png",
          "img/hair/fringe/quiff/thighs.png",
          "img/hair/fringe/ringlet curl/chest.png",
          "img/hair/fringe/ringlet curl/feet.png",
          "img/hair/fringe/ringlet curl/navel.png",
          "img/hair/fringe/ringlet curl/short.png",
          "img/hair/fringe/ringlet curl/shoulder.png",
          "img/hair/fringe/ringlet curl/thighs.png",
          "img/hair/fringe/ringlets/chest.png",
          "img/hair/fringe/ringlets/feet.png",
          "img/hair/fringe/ringlets/navel.png",
          "img/hair/fringe/ringlets/short.png",
          "img/hair/fringe/ringlets/shoulder.png",
          "img/hair/fringe/ringlets/thighs.png",
          "img/hair/fringe/ruffled/chest.png",
          "img/hair/fringe/ruffled/feet.png",
          "img/hair/fringe/ruffled/navel.png",
          "img/hair/fringe/ruffled/short.png",
          "img/hair/fringe/ruffled/shoulder.png",
          "img/hair/fringe/ruffled/thighs.png",
          "img/hair/fringe/short air vents/chest.png",
          "img/hair/fringe/short air vents/feet.png",
          "img/hair/fringe/short air vents/navel.png",
          "img/hair/fringe/short air vents/short.png",
          "img/hair/fringe/short air vents/shoulder.png",
          "img/hair/fringe/short air vents/thighs.png",
          "img/hair/fringe/side-pinned/chest.png",
          "img/hair/fringe/side-pinned/feet.png",
          "img/hair/fringe/side-pinned/navel.png",
          "img/hair/fringe/side-pinned/short.png",
          "img/hair/fringe/side-pinned/shoulder.png",
          "img/hair/fringe/side-pinned/thighs.png",
          "img/hair/fringe/sidecut/chest.png",
          "img/hair/fringe/sidecut/feet.png",
          "img/hair/fringe/sidecut/navel.png",
          "img/hair/fringe/sidecut/short.png",
          "img/hair/fringe/sidecut/shoulder.png",
          "img/hair/fringe/sidecut/thighs.png",
          "img/hair/fringe/sideswept braid/chest.png",
          "img/hair/fringe/sideswept braid/feet.png",
          "img/hair/fringe/sideswept braid/navel.png",
          "img/hair/fringe/sideswept braid/short.png",
          "img/hair/fringe/sideswept braid/shoulder.png",
          "img/hair/fringe/sideswept braid/thighs.png",
          "img/hair/fringe/split/chest.png",
          "img/hair/fringe/split/feet.png",
          "img/hair/fringe/split/navel.png",
          "img/hair/fringe/split/short.png",
          "img/hair/fringe/split/shoulder.png",
          "img/hair/fringe/split/thighs.png",
          "img/hair/fringe/straight/chest.png",
          "img/hair/fringe/straight/feet.png",
          "img/hair/fringe/straight/navel.png",
          "img/hair/fringe/straight/short.png",
          "img/hair/fringe/straight/shoulder.png",
          "img/hair/fringe/straight/thighs.png",
          "img/hair/fringe/straight curl/chest.png",
          "img/hair/fringe/straight curl/feet.png",
          "img/hair/fringe/straight curl/navel.png",
          "img/hair/fringe/straight curl/short.png",
          "img/hair/fringe/straight curl/shoulder.png",
          "img/hair/fringe/straight curl/thighs.png",
          "img/hair/fringe/swept back/chest.png",
          "img/hair/fringe/swept back/feet.png",
          "img/hair/fringe/swept back/navel.png",
          "img/hair/fringe/swept back/short.png",
          "img/hair/fringe/swept back/shoulder.png",
          "img/hair/fringe/swept back/thighs.png",
          "img/hair/fringe/swept left/chest.png",
          "img/hair/fringe/swept left/feet.png",
          "img/hair/fringe/swept left/navel.png",
          "img/hair/fringe/swept left/short.png",
          "img/hair/fringe/swept left/shoulder.png",
          "img/hair/fringe/swept left/thighs.png",
          "img/hair/fringe/thin flaps/chest.png",
          "img/hair/fringe/thin flaps/feet.png",
          "img/hair/fringe/thin flaps/navel.png",
          "img/hair/fringe/thin flaps/short.png",
          "img/hair/fringe/thin flaps/shoulder.png",
          "img/hair/fringe/thin flaps/thighs.png",
          "img/hair/fringe/trident/chest.png",
          "img/hair/fringe/trident/feet.png",
          "img/hair/fringe/trident/navel.png",
          "img/hair/fringe/trident/short.png",
          "img/hair/fringe/trident/shoulder.png",
          "img/hair/fringe/trident/thighs.png",
          "img/hair/fringe/wide flaps/chest.png",
          "img/hair/fringe/wide flaps/feet.png",
          "img/hair/fringe/wide flaps/navel.png",
          "img/hair/fringe/wide flaps/short.png",
          "img/hair/fringe/wide flaps/shoulder.png",
          "img/hair/fringe/wide flaps/thighs.png",
          "img/hair/sides/afro pouf/chest.png",
          "img/hair/sides/afro pouf/feet.png",
          "img/hair/sides/afro pouf/navel.png",
          "img/hair/sides/afro pouf/short.png",
          "img/hair/sides/afro pouf/shoulder.png",
          "img/hair/sides/afro pouf/thighs.png",
          "img/hair/sides/afro puffs/chest.png",
          "img/hair/sides/afro puffs/feet.png",
          "img/hair/sides/afro puffs/navel.png",
          "img/hair/sides/afro puffs/short.png",
          "img/hair/sides/afro puffs/shoulder.png",
          "img/hair/sides/afro puffs/thighs.png",
          "img/hair/sides/all down/chest.png",
          "img/hair/sides/all down/feet.png",
          "img/hair/sides/all down/navel.png",
          "img/hair/sides/all down/short.png",
          "img/hair/sides/all down/shoulder.png",
          "img/hair/sides/all down/thighs.png",
          "img/hair/sides/braid left/chest.png",
          "img/hair/sides/braid left/feet.png",
          "img/hair/sides/braid left/navel.png",
          "img/hair/sides/braid left/short.png",
          "img/hair/sides/braid left/shoulder.png",
          "img/hair/sides/braid left/thighs.png",
          "img/hair/sides/braid right/chest.png",
          "img/hair/sides/braid right/feet.png",
          "img/hair/sides/braid right/navel.png",
          "img/hair/sides/braid right/short.png",
          "img/hair/sides/braid right/shoulder.png",
          "img/hair/sides/braid right/thighs.png",
          "img/hair/sides/bubble tails/chest.png",
          "img/hair/sides/bubble tails/feet.png",
          "img/hair/sides/bubble tails/navel.png",
          "img/hair/sides/bubble tails/short.png",
          "img/hair/sides/bubble tails/shoulder.png",
          "img/hair/sides/bubble tails/thighs.png",
          "img/hair/sides/crude/short.png",
          "img/hair/sides/curl/chest.png",
          "img/hair/sides/curl/feet.png",
          "img/hair/sides/curl/navel.png",
          "img/hair/sides/curl/short.png",
          "img/hair/sides/curl/shoulder.png",
          "img/hair/sides/curl/thighs.png",
          "img/hair/sides/curly pigtails/chest.png",
          "img/hair/sides/curly pigtails/feet.png",
          "img/hair/sides/curly pigtails/navel.png",
          "img/hair/sides/curly pigtails/short.png",
          "img/hair/sides/curly pigtails/shoulder.png",
          "img/hair/sides/curly pigtails/thighs.png",
          "img/hair/sides/curly side up/chest.png",
          "img/hair/sides/curly side up/feet.png",
          "img/hair/sides/curly side up/navel.png",
          "img/hair/sides/curly side up/short.png",
          "img/hair/sides/curly side up/shoulder.png",
          "img/hair/sides/curly side up/thighs.png",
          "img/hair/sides/default/chest.png",
          "img/hair/sides/default/feet.png",
          "img/hair/sides/default/navel.png",
          "img/hair/sides/default/short.png",
          "img/hair/sides/default/shoulder.png",
          "img/hair/sides/default/thighs.png",
          "img/hair/sides/defined curl/chest.png",
          "img/hair/sides/defined curl/feet.png",
          "img/hair/sides/defined curl/navel.png",
          "img/hair/sides/defined curl/short.png",
          "img/hair/sides/defined curl/shoulder.png",
          "img/hair/sides/defined curl/thighs.png",
          "img/hair/sides/defined_curl/chest.png",
          "img/hair/sides/defined_curl/feet.png",
          "img/hair/sides/defined_curl/navel.png",
          "img/hair/sides/defined_curl/short.png",
          "img/hair/sides/defined_curl/shoulder.png",
          "img/hair/sides/defined_curl/thighs.png",
          "img/hair/sides/dreads/chest.png",
          "img/hair/sides/dreads/feet.png",
          "img/hair/sides/dreads/navel.png",
          "img/hair/sides/dreads/short.png",
          "img/hair/sides/dreads/shoulder.png",
          "img/hair/sides/dreads/thighs.png",
          "img/hair/sides/drill ringlets/chest.png",
          "img/hair/sides/drill ringlets/feet.png",
          "img/hair/sides/drill ringlets/navel.png",
          "img/hair/sides/drill ringlets/short.png",
          "img/hair/sides/drill ringlets/shoulder.png",
          "img/hair/sides/drill ringlets/thighs.png",
          "img/hair/sides/flat ponytail/chest.png",
          "img/hair/sides/flat ponytail/feet.png",
          "img/hair/sides/flat ponytail/navel.png",
          "img/hair/sides/flat ponytail/short.png",
          "img/hair/sides/flat ponytail/shoulder.png",
          "img/hair/sides/flat ponytail/thighs.png",
          "img/hair/sides/fluffy ponytail/chest.png",
          "img/hair/sides/fluffy ponytail/feet.png",
          "img/hair/sides/fluffy ponytail/navel.png",
          "img/hair/sides/fluffy ponytail/short.png",
          "img/hair/sides/fluffy ponytail/shoulder.png",
          "img/hair/sides/fluffy ponytail/thighs.png",
          "img/hair/sides/french bob/chest.png",
          "img/hair/sides/french bob/feet.png",
          "img/hair/sides/french bob/navel.png",
          "img/hair/sides/french bob/short.png",
          "img/hair/sides/french bob/shoulder.png",
          "img/hair/sides/french bob/thighs.png",
          "img/hair/sides/fro/chest.png",
          "img/hair/sides/fro/feet.png",
          "img/hair/sides/fro/navel.png",
          "img/hair/sides/fro/short.png",
          "img/hair/sides/fro/shoulder.png",
          "img/hair/sides/fro/thighs.png",
          "img/hair/sides/half-up/chest.png",
          "img/hair/sides/half-up/feet.png",
          "img/hair/sides/half-up/navel.png",
          "img/hair/sides/half-up/short.png",
          "img/hair/sides/half-up/shoulder.png",
          "img/hair/sides/half-up/thighs.png",
          "img/hair/sides/heart braid/chest.png",
          "img/hair/sides/heart braid/feet.png",
          "img/hair/sides/heart braid/navel.png",
          "img/hair/sides/heart braid/short.png",
          "img/hair/sides/heart braid/shoulder.png",
          "img/hair/sides/heart braid/thighs.png",
          "img/hair/sides/layered bob/chest.png",
          "img/hair/sides/layered bob/feet.png",
          "img/hair/sides/layered bob/navel.png",
          "img/hair/sides/layered bob/short.png",
          "img/hair/sides/layered bob/shoulder.png",
          "img/hair/sides/layered bob/thighs.png",
          "img/hair/sides/loop braid/chest.png",
          "img/hair/sides/loop braid/feet.png",
          "img/hair/sides/loop braid/navel.png",
          "img/hair/sides/loop braid/short.png",
          "img/hair/sides/loop braid/shoulder.png",
          "img/hair/sides/loop braid/thighs.png",
          "img/hair/sides/loose/chest.png",
          "img/hair/sides/loose/feet.png",
          "img/hair/sides/loose/navel.png",
          "img/hair/sides/loose/short.png",
          "img/hair/sides/loose/shoulder.png",
          "img/hair/sides/loose/thighs.png",
          "img/hair/sides/messy/chest.png",
          "img/hair/sides/messy/feet.png",
          "img/hair/sides/messy/navel.png",
          "img/hair/sides/messy/short.png",
          "img/hair/sides/messy/shoulder.png",
          "img/hair/sides/messy/thighs.png",
          "img/hair/sides/messy bun/chest.png",
          "img/hair/sides/messy bun/feet.png",
          "img/hair/sides/messy bun/navel.png",
          "img/hair/sides/messy bun/short.png",
          "img/hair/sides/messy bun/shoulder.png",
          "img/hair/sides/messy bun/thighs.png",
          "img/hair/sides/neat/chest.png",
          "img/hair/sides/neat/feet.png",
          "img/hair/sides/neat/navel.png",
          "img/hair/sides/neat/short.png",
          "img/hair/sides/neat/shoulder.png",
          "img/hair/sides/neat/thighs.png",
          "img/hair/sides/pigtails/chest.png",
          "img/hair/sides/pigtails/feet.png",
          "img/hair/sides/pigtails/navel.png",
          "img/hair/sides/pigtails/short.png",
          "img/hair/sides/pigtails/shoulder.png",
          "img/hair/sides/pigtails/thighs.png",
          "img/hair/sides/ponytail/chest.png",
          "img/hair/sides/ponytail/feet.png",
          "img/hair/sides/ponytail/navel.png",
          "img/hair/sides/ponytail/short.png",
          "img/hair/sides/ponytail/shoulder.png",
          "img/hair/sides/ponytail/thighs.png",
          "img/hair/sides/ribbon tail/chest.png",
          "img/hair/sides/ribbon tail/feet.png",
          "img/hair/sides/ribbon tail/navel.png",
          "img/hair/sides/ribbon tail/short.png",
          "img/hair/sides/ribbon tail/shoulder.png",
          "img/hair/sides/ribbon tail/thighs.png",
          "img/hair/sides/ruffled/chest.png",
          "img/hair/sides/ruffled/feet.png",
          "img/hair/sides/ruffled/navel.png",
          "img/hair/sides/ruffled/short.png",
          "img/hair/sides/ruffled/shoulder.png",
          "img/hair/sides/ruffled/shoulders.png",
          "img/hair/sides/ruffled/thighs.png",
          "img/hair/sides/sailor buns/chest.png",
          "img/hair/sides/sailor buns/feet.png",
          "img/hair/sides/sailor buns/navel.png",
          "img/hair/sides/sailor buns/short.png",
          "img/hair/sides/sailor buns/shoulder.png",
          "img/hair/sides/sailor buns/thighs.png",
          "img/hair/sides/shaved/chest.png",
          "img/hair/sides/shaved/feet.png",
          "img/hair/sides/shaved/navel.png",
          "img/hair/sides/shaved/short.png",
          "img/hair/sides/shaved/shoulder.png",
          "img/hair/sides/shaved/thighs.png",
          "img/hair/sides/short/chest.png",
          "img/hair/sides/short/feet.png",
          "img/hair/sides/short/navel.png",
          "img/hair/sides/short/short.png",
          "img/hair/sides/short/shoulder.png",
          "img/hair/sides/short/thighs.png",
          "img/hair/sides/short spiky/chest.png",
          "img/hair/sides/short spiky/feet.png",
          "img/hair/sides/short spiky/navel.png",
          "img/hair/sides/short spiky/short.png",
          "img/hair/sides/short spiky/shoulder.png",
          "img/hair/sides/short spiky/thighs.png",
          "img/hair/sides/side tail left/chest.png",
          "img/hair/sides/side tail left/feet.png",
          "img/hair/sides/side tail left/navel.png",
          "img/hair/sides/side tail left/short.png",
          "img/hair/sides/side tail left/shoulder.png",
          "img/hair/sides/side tail left/thighs.png",
          "img/hair/sides/side tail right/chest.png",
          "img/hair/sides/side tail right/feet.png",
          "img/hair/sides/side tail right/navel.png",
          "img/hair/sides/side tail right/short.png",
          "img/hair/sides/side tail right/shoulder.png",
          "img/hair/sides/side tail right/thighs.png",
          "img/hair/sides/side thicktail/chest.png",
          "img/hair/sides/side thicktail/feet.png",
          "img/hair/sides/side thicktail/navel.png",
          "img/hair/sides/side thicktail/short.png",
          "img/hair/sides/side thicktail/shoulder.png",
          "img/hair/sides/side thicktail/thighs.png",
          "img/hair/sides/sidecut/chest.png",
          "img/hair/sides/sidecut/feet.png",
          "img/hair/sides/sidecut/navel.png",
          "img/hair/sides/sidecut/short.png",
          "img/hair/sides/sidecut/shoulder.png",
          "img/hair/sides/sidecut/thighs.png",
          "img/hair/sides/space buns/chest.png",
          "img/hair/sides/space buns/feet.png",
          "img/hair/sides/space buns/navel.png",
          "img/hair/sides/space buns/short.png",
          "img/hair/sides/space buns/shoulder.png",
          "img/hair/sides/space buns/thighs.png",
          "img/hair/sides/straight/chest.png",
          "img/hair/sides/straight/feet.png",
          "img/hair/sides/straight/navel.png",
          "img/hair/sides/straight/short.png",
          "img/hair/sides/straight/shoulder.png",
          "img/hair/sides/straight/thighs.png",
          "img/hair/sides/swept left/chest.png",
          "img/hair/sides/swept left/feet.png",
          "img/hair/sides/swept left/navel.png",
          "img/hair/sides/swept left/short.png",
          "img/hair/sides/swept left/shoulder.png",
          "img/hair/sides/swept left/thighs.png",
          "img/hair/sides/thick ponytail/chest.png",
          "img/hair/sides/thick ponytail/feet.png",
          "img/hair/sides/thick ponytail/navel.png",
          "img/hair/sides/thick ponytail/short.png",
          "img/hair/sides/thick ponytail/shoulder.png",
          "img/hair/sides/thick ponytail/thighs.png",
          "img/hair/sides/thick twintails/chest.png",
          "img/hair/sides/thick twintails/feet.png",
          "img/hair/sides/thick twintails/navel.png",
          "img/hair/sides/thick twintails/short.png",
          "img/hair/sides/thick twintails/shoulder.png",
          "img/hair/sides/thick twintails/thighs.png",
          "img/hair/sides/twin braids/chest.png",
          "img/hair/sides/twin braids/feet.png",
          "img/hair/sides/twin braids/navel.png",
          "img/hair/sides/twin braids/short.png",
          "img/hair/sides/twin braids/shoulder.png",
          "img/hair/sides/twin braids/thighs.png",
          "img/hair/sides/twin fishtails/chest.png",
          "img/hair/sides/twin fishtails/feet.png",
          "img/hair/sides/twin fishtails/navel.png",
          "img/hair/sides/twin fishtails/short.png",
          "img/hair/sides/twin fishtails/shoulder.png",
          "img/hair/sides/twin fishtails/thighs.png",
          "img/hair/sides/twintails/chest.png",
          "img/hair/sides/twintails/feet.png",
          "img/hair/sides/twintails/navel.png",
          "img/hair/sides/twintails/short.png",
          "img/hair/sides/twintails/shoulder.png",
          "img/hair/sides/twintails/thighs.png",
          "img/svr/iris_left.png",
          "img/svr/brow_1/brow-low.png",
          "img/svr/brow_1/brow-mid.png",
          "img/svr/brow_1/brow-orgasm.png",
          "img/svr/brow_1/brow-top.png",
          "img/svr/brow_2/brow-low.png",
          "img/svr/brow_2/brow-mid.png",
          "img/svr/brow_2/brow-orgasm.png",
          "img/svr/brow_2/brow-top.png",
          "img/svr/head/basehead_0.png",
          "img/svr/head/basehead_1.png",
          "img/svr/head/basehead_2.png",
          "img/svr/iris_org/iris_org.png",
          "img/svr/mouth-neutral/1.png",
          "img/svr/mouth-org/1.png",
          "img/svr/mouth-org/2.png",
          "img/svr/mouth-smile/1.png",
          "img/svr/SE_eyes_0/eyelids.png",
          "img/svr/SE_eyes_0/eyelids_halfclosed.png",
          "img/svr/SE_eyes_0/iris.png",
          "img/svr/SE_eyes_0/irisempty.png",
          "img/svr/SE_eyes_0/irisempty_halfclosed.png",
          "img/svr/SE_eyes_0/irisempty_halfclosed_left.png",
          "img/svr/SE_eyes_0/irisempty_halfclosed_right.png",
          "img/svr/SE_eyes_0/irisempty_left.png",
          "img/svr/SE_eyes_0/irisempty_org_left.png",
          "img/svr/SE_eyes_0/irisempty_org_right.png",
          "img/svr/SE_eyes_0/irisempty_right.png",
          "img/svr/SE_eyes_0/iris_halfclosed.png",
          "img/svr/SE_eyes_0/iris_halfclosed_left.png",
          "img/svr/SE_eyes_0/iris_halfclosed_right.png",
          "img/svr/SE_eyes_0/iris_left.png",
          "img/svr/SE_eyes_0/iris_org_left.png",
          "img/svr/SE_eyes_0/iris_org_right.png",
          "img/svr/SE_eyes_0/iris_right.png",
          "img/svr/SE_eyes_0/lashes.png",
          "img/svr/SE_eyes_0/lashes_halfclosed.png",
          "img/svr/SE_eyes_0/sclera.png",
          "img/svr/SE_eyes_0/sclerabloodshot.png",
          "img/svr/SE_eyes_1/eyelids.png",
          "img/svr/SE_eyes_1/eyelids_halfclosed.png",
          "img/svr/SE_eyes_1/iris.png",
          "img/svr/SE_eyes_1/irisempty.png",
          "img/svr/SE_eyes_1/irisempty_halfclosed.png",
          "img/svr/SE_eyes_1/irisempty_halfclosed_left.png",
          "img/svr/SE_eyes_1/irisempty_halfclosed_right.png",
          "img/svr/SE_eyes_1/irisempty_left.png",
          "img/svr/SE_eyes_1/irisempty_org_left.png",
          "img/svr/SE_eyes_1/irisempty_org_right.png",
          "img/svr/SE_eyes_1/irisempty_right.png",
          "img/svr/SE_eyes_1/iris_halfclosed.png",
          "img/svr/SE_eyes_1/iris_halfclosed_left.png",
          "img/svr/SE_eyes_1/iris_halfclosed_right.png",
          "img/svr/SE_eyes_1/iris_left.png",
          "img/svr/SE_eyes_1/iris_org_left.png",
          "img/svr/SE_eyes_1/iris_org_right.png",
          "img/svr/SE_eyes_1/iris_right.png",
          "img/svr/SE_eyes_1/lashes.png",
          "img/svr/SE_eyes_1/lashes_halfclosed.png",
          "img/svr/SE_eyes_1/sclera.png",
          "img/svr/SE_eyes_1/sclerabloodshot.png",
          "img/svr/SE_eyes_2/eyelids.png",
          "img/svr/SE_eyes_2/eyelids_halfclosed.png",
          "img/svr/SE_eyes_2/iris.png",
          "img/svr/SE_eyes_2/irisempty.png",
          "img/svr/SE_eyes_2/irisempty_halfclosed.png",
          "img/svr/SE_eyes_2/irisempty_halfclosed_left.png",
          "img/svr/SE_eyes_2/irisempty_halfclosed_right.png",
          "img/svr/SE_eyes_2/irisempty_left.png",
          "img/svr/SE_eyes_2/irisempty_org_left.png",
          "img/svr/SE_eyes_2/irisempty_org_right.png",
          "img/svr/SE_eyes_2/irisempty_right.png",
          "img/svr/SE_eyes_2/iris_halfclosed.png",
          "img/svr/SE_eyes_2/iris_halfclosed_left.png",
          "img/svr/SE_eyes_2/iris_halfclosed_right.png",
          "img/svr/SE_eyes_2/iris_left.png",
          "img/svr/SE_eyes_2/iris_org_left.png",
          "img/svr/SE_eyes_2/iris_org_right.png",
          "img/svr/SE_eyes_2/iris_right.png",
          "img/svr/SE_eyes_2/lashes.png",
          "img/svr/SE_eyes_2/lashes_halfclosed.png",
          "img/svr/SE_eyes_2/sclera.png",
          "img/svr/SE_eyes_2/sclerabloodshot.png",
          "img/svr/SE_side_0/side_border.png",
          "img/svr/SE_side_1/side_border.png"
        ]
      }
    }
  ],
  "dependenceInfo": [
    {
      "modName": "BeautySelectorAddon",
      "version": "^2.0.0"
    }
  ],
  "additionFile": [
    "img/face/default/aloof/lashes.png~",
    "img/face/default/catty/lashes.png~",
    "img/face/default/default/eyelids.png~",
    "img/face/default/default/iris-empty.png~",
    "img/face/default/default/iris.png~",
    "img/face/default/default/lashes.png~",
    "img/face/default/sweet/eyelids.png~",
    "img/face/default/sweet/iris-empty.png~",
    "img/face/default/sweet/iris.png~",
    "img/face/default/sweet/lashes.png~",
    "img/hair/fringe/old_hime/feet.pdn",
    "img/svr/mouth-smile/1.png~",
    "img/svr/SE_head_1/basehead.png~"
  ],
  "imgFileList": [],
  "additionBinaryFile": [
    "img/body/basehead.png",
    "img/body/breasts/SE_breasts_0/breasts1.png",
    "img/body/breasts/SE_breasts_0/breasts2.png",
    "img/body/breasts/SE_breasts_0/breasts3.png",
    "img/body/breasts/SE_breasts_0/breasts3_clothed.png",
    "img/body/breasts/SE_breasts_0/breasts4.png",
    "img/body/breasts/SE_breasts_0/breasts4_clothed.png",
    "img/body/breasts/SE_breasts_0/breasts5.png",
    "img/body/breasts/SE_breasts_0/breasts5_clothed.png",
    "img/body/breasts/SE_breasts_0/breasts6.png",
    "img/body/breasts/SE_breasts_0/breasts6_clothed.png",
    "img/body/breasts/SE_breasts_1/breasts1.png",
    "img/body/breasts/SE_breasts_1/breasts2.png",
    "img/body/breasts/SE_breasts_1/breasts3.png",
    "img/body/breasts/SE_breasts_1/breasts3_clothed.png",
    "img/body/breasts/SE_breasts_1/breasts4.png",
    "img/body/breasts/SE_breasts_1/breasts4_clothed.png",
    "img/body/breasts/SE_breasts_1/breasts5.png",
    "img/body/breasts/SE_breasts_1/breasts5_clothed.png",
    "img/body/breasts/SE_breasts_1/breasts6.png",
    "img/body/breasts/SE_breasts_1/breasts6_clothed.png",
    "img/body/cum/AnalCumDripFast.gif",
    "img/body/cum/AnalCumDripFast.png",
    "img/body/cum/AnalCumDripSlow.gif",
    "img/body/cum/AnalCumDripSlow.png",
    "img/body/cum/AnalCumDripStart.gif",
    "img/body/cum/AnalCumDripStart.png",
    "img/body/cum/AnalCumDripVeryFast.gif",
    "img/body/cum/AnalCumDripVeryFast.png",
    "img/body/cum/AnalCumDripVerySlow.gif",
    "img/body/cum/AnalCumDripVerySlow.png",
    "img/body/cum/VaginalCumDripFast.gif",
    "img/body/cum/VaginalCumDripFast.png",
    "img/body/cum/VaginalCumDripSlow.gif",
    "img/body/cum/VaginalCumDripSlow.png",
    "img/body/cum/VaginalCumDripStart.gif",
    "img/body/cum/VaginalCumDripStart.png",
    "img/body/cum/VaginalCumDripVeryFast.gif",
    "img/body/cum/VaginalCumDripVeryFast.png",
    "img/body/cum/VaginalCumDripVerySlow.gif",
    "img/body/cum/VaginalCumDripVerySlow.png",
    "img/face/default/base.png",
    "img/face/default/basehead.png",
    "img/face/default/blush1.png",
    "img/face/default/blush2.png",
    "img/face/default/blush3.png",
    "img/face/default/blush4.png",
    "img/face/default/blush5.png",
    "img/face/default/ears.png",
    "img/face/default/freckles.png",
    "img/face/default/iris.png",
    "img/face/default/mouth-chew.png",
    "img/face/default/mouth-cry.png",
    "img/face/default/mouth-frown.png",
    "img/face/default/mouth-neutral.png",
    "img/face/default/mouth-org.png",
    "img/face/default/mouth-smile.png",
    "img/face/default/sclera-bloodshot.png",
    "img/face/default/sclera.png",
    "img/face/default/tear1.png",
    "img/face/default/tear2.png",
    "img/face/default/tear3.png",
    "img/face/default/tear4.png",
    "img/face/default/aloof/brow-low.png",
    "img/face/default/aloof/brow-mid.png",
    "img/face/default/aloof/brow-orgasm.png",
    "img/face/default/aloof/brow-top.png",
    "img/face/default/aloof/eyelids-half-closed.png",
    "img/face/default/aloof/eyelids.png",
    "img/face/default/aloof/eyes.png",
    "img/face/default/aloof/iris-empty-half-closed.png",
    "img/face/default/aloof/iris-empty.png",
    "img/face/default/aloof/iris-half-closed.png",
    "img/face/default/aloof/iris.png",
    "img/face/default/aloof/lashes-half-closed.png",
    "img/face/default/aloof/lashes.png",
    "img/face/default/aloof/sclera-bloodshot.png",
    "img/face/default/aloof/sclera.png",
    "img/face/default/aloof/makeup/eyeshadow-half-closed.png",
    "img/face/default/aloof/makeup/eyeshadow.png",
    "img/face/default/aloof/makeup/mascara-half-closed.png",
    "img/face/default/aloof/makeup/mascara.png",
    "img/face/default/aloof/makeup/mascara1.png",
    "img/face/default/aloof/makeup/mascara2.png",
    "img/face/default/aloof/makeup/mascara3.png",
    "img/face/default/aloof/makeup/mascara4.png",
    "img/face/default/catty/brow-low.png",
    "img/face/default/catty/brow-mid.png",
    "img/face/default/catty/brow-orgasm.png",
    "img/face/default/catty/brow-top.png",
    "img/face/default/catty/eyelids-half-closed.png",
    "img/face/default/catty/eyelids.png",
    "img/face/default/catty/eyes.png",
    "img/face/default/catty/iris-empty-half-closed.png",
    "img/face/default/catty/iris-empty.png",
    "img/face/default/catty/iris-half-closed.png",
    "img/face/default/catty/iris.png",
    "img/face/default/catty/lashes-half-closed.png",
    "img/face/default/catty/lashes.png",
    "img/face/default/catty/sclera-bloodshot.png",
    "img/face/default/catty/sclera.png",
    "img/face/default/catty/makeup/eyeshadow-half-closed.png",
    "img/face/default/catty/makeup/eyeshadow.png",
    "img/face/default/catty/makeup/mascara-half-closed.png",
    "img/face/default/catty/makeup/mascara.png",
    "img/face/default/catty/makeup/mascara1.png",
    "img/face/default/catty/makeup/mascara2.png",
    "img/face/default/catty/makeup/mascara3.png",
    "img/face/default/catty/makeup/mascara4.png",
    "img/face/default/default/base.png",
    "img/face/default/default/brow-low.png",
    "img/face/default/default/brow-mid.png",
    "img/face/default/default/brow-orgasm.png",
    "img/face/default/default/brow-top.png",
    "img/face/default/default/ears.png",
    "img/face/default/default/eyelids-half-closed.png",
    "img/face/default/default/eyelids.png",
    "img/face/default/default/eyes.png",
    "img/face/default/default/iris-empty-half-closed.png",
    "img/face/default/default/iris-empty.png",
    "img/face/default/default/iris-half-closed.png",
    "img/face/default/default/iris.png",
    "img/face/default/default/lashes-half-closed.png",
    "img/face/default/default/lashes.png",
    "img/face/default/default/sclera-bloodshot.png",
    "img/face/default/default/sclera.png",
    "img/face/default/default/makeup/eyeshadow-half-closed.png",
    "img/face/default/default/makeup/eyeshadow.png",
    "img/face/default/default/makeup/mascara-half-closed.png",
    "img/face/default/default/makeup/mascara.png",
    "img/face/default/default/makeup/mascara1.png",
    "img/face/default/default/makeup/mascara2.png",
    "img/face/default/default/makeup/mascara3.png",
    "img/face/default/default/makeup/mascara4.png",
    "img/face/default/makeup/eyeshadows.png",
    "img/face/default/makeup/eyeshadows_halfclosed.png",
    "img/face/default/makeup/lipstick_cry.png",
    "img/face/default/makeup/lipstick_frown.png",
    "img/face/default/makeup/lipstick_neutral.png",
    "img/face/default/makeup/lipstick_smile.png",
    "img/face/default/makeup/mascara.png",
    "img/face/default/makeup/mascara1.png",
    "img/face/default/makeup/mascara2.png",
    "img/face/default/makeup/mascara3.png",
    "img/face/default/makeup/mascara4.png",
    "img/face/default/makeup/mascara_halfclosed.png",
    "img/face/default/sweet/base.png",
    "img/face/default/sweet/brow-low.png",
    "img/face/default/sweet/brow-mid.png",
    "img/face/default/sweet/brow-orgasm.png",
    "img/face/default/sweet/brow-top.png",
    "img/face/default/sweet/ears.png",
    "img/face/default/sweet/eyelids-half-closed.png",
    "img/face/default/sweet/eyelids.png",
    "img/face/default/sweet/eyes.png",
    "img/face/default/sweet/iris-empty-half-closed.png",
    "img/face/default/sweet/iris-empty.png",
    "img/face/default/sweet/iris-half-closed.png",
    "img/face/default/sweet/iris.png",
    "img/face/default/sweet/lashes-half-closed.png",
    "img/face/default/sweet/lashes.png",
    "img/face/default/sweet/sclera-bloodshot.png",
    "img/face/default/sweet/sclera.png",
    "img/face/default/sweet/makeup/eyeshadow-half-closed.png",
    "img/face/default/sweet/makeup/eyeshadow.png",
    "img/face/default/sweet/makeup/mascara-half-closed.png",
    "img/face/default/sweet/makeup/mascara.png",
    "img/face/default/sweet/makeup/mascara1.png",
    "img/face/default/sweet/makeup/mascara2.png",
    "img/face/default/sweet/makeup/mascara3.png",
    "img/face/default/sweet/makeup/mascara4.png",
    "img/hair/fringe/back/chest.png",
    "img/hair/fringe/back/feet.png",
    "img/hair/fringe/back/navel.png",
    "img/hair/fringe/back/short.png",
    "img/hair/fringe/back/shoulder.png",
    "img/hair/fringe/back/thighs.png",
    "img/hair/fringe/blunt sidelocks/chest.png",
    "img/hair/fringe/blunt sidelocks/feet.png",
    "img/hair/fringe/blunt sidelocks/navel.png",
    "img/hair/fringe/blunt sidelocks/short.png",
    "img/hair/fringe/blunt sidelocks/shoulder.png",
    "img/hair/fringe/blunt sidelocks/thighs.png",
    "img/hair/fringe/bowl/chest.png",
    "img/hair/fringe/bowl/feet.png",
    "img/hair/fringe/bowl/navel.png",
    "img/hair/fringe/bowl/short.png",
    "img/hair/fringe/bowl/shoulder.png",
    "img/hair/fringe/bowl/thighs.png",
    "img/hair/fringe/buzzcut/chest.png",
    "img/hair/fringe/buzzcut/feet.png",
    "img/hair/fringe/buzzcut/navel.png",
    "img/hair/fringe/buzzcut/short.png",
    "img/hair/fringe/buzzcut/shoulder.png",
    "img/hair/fringe/buzzcut/thighs.png",
    "img/hair/fringe/crude/short.png",
    "img/hair/fringe/curtain/chest.png",
    "img/hair/fringe/curtain/feet.png",
    "img/hair/fringe/curtain/navel.png",
    "img/hair/fringe/curtain/short.png",
    "img/hair/fringe/curtain/shoulder.png",
    "img/hair/fringe/curtain/thighs.png",
    "img/hair/fringe/default/chest.png",
    "img/hair/fringe/default/feet.png",
    "img/hair/fringe/default/navel.png",
    "img/hair/fringe/default/short.png",
    "img/hair/fringe/default/shoulder.png",
    "img/hair/fringe/default/thighs.png",
    "img/hair/fringe/dread bun/chest.png",
    "img/hair/fringe/dread bun/feet.png",
    "img/hair/fringe/dread bun/navel.png",
    "img/hair/fringe/dread bun/short.png",
    "img/hair/fringe/dread bun/shoulder.png",
    "img/hair/fringe/dread bun/thighs.png",
    "img/hair/fringe/dreadlocks/chest.png",
    "img/hair/fringe/dreadlocks/feet.png",
    "img/hair/fringe/dreadlocks/navel.png",
    "img/hair/fringe/dreadlocks/short.png",
    "img/hair/fringe/dreadlocks/shoulder.png",
    "img/hair/fringe/dreadlocks/thighs.png",
    "img/hair/fringe/drill ringlets/chest.png",
    "img/hair/fringe/drill ringlets/feet.png",
    "img/hair/fringe/drill ringlets/navel.png",
    "img/hair/fringe/drill ringlets/short.png",
    "img/hair/fringe/drill ringlets/shoulder.png",
    "img/hair/fringe/drill ringlets/thighs.png",
    "img/hair/fringe/emo/chest.png",
    "img/hair/fringe/emo/feet.png",
    "img/hair/fringe/emo/navel.png",
    "img/hair/fringe/emo/short.png",
    "img/hair/fringe/emo/shoulder.png",
    "img/hair/fringe/emo/thighs.png",
    "img/hair/fringe/emo left/chest.png",
    "img/hair/fringe/emo left/feet.png",
    "img/hair/fringe/emo left/navel.png",
    "img/hair/fringe/emo left/short.png",
    "img/hair/fringe/emo left/shoulder.png",
    "img/hair/fringe/emo left/thighs.png",
    "img/hair/fringe/emo right/chest.png",
    "img/hair/fringe/emo right/feet.png",
    "img/hair/fringe/emo right/navel.png",
    "img/hair/fringe/emo right/short.png",
    "img/hair/fringe/emo right/shoulder.png",
    "img/hair/fringe/emo right/thighs.png",
    "img/hair/fringe/flat/chest.png",
    "img/hair/fringe/flat/feet.png",
    "img/hair/fringe/flat/navel.png",
    "img/hair/fringe/flat/short.png",
    "img/hair/fringe/flat/shoulder.png",
    "img/hair/fringe/flat/thighs.png",
    "img/hair/fringe/framed/chest.png",
    "img/hair/fringe/framed/feet.png",
    "img/hair/fringe/framed/navel.png",
    "img/hair/fringe/framed/short.png",
    "img/hair/fringe/framed/shoulder.png",
    "img/hair/fringe/framed/thighs.png",
    "img/hair/fringe/fro/chest.png",
    "img/hair/fringe/fro/feet.png",
    "img/hair/fringe/fro/mask.png",
    "img/hair/fringe/fro/navel.png",
    "img/hair/fringe/fro/short.png",
    "img/hair/fringe/fro/shoulder.png",
    "img/hair/fringe/fro/thighs.png",
    "img/hair/fringe/front braids/chest.png",
    "img/hair/fringe/front braids/feet.png",
    "img/hair/fringe/front braids/navel.png",
    "img/hair/fringe/front braids/short.png",
    "img/hair/fringe/front braids/shoulder.png",
    "img/hair/fringe/front braids/thighs.png",
    "img/hair/fringe/hime/chest.png",
    "img/hair/fringe/hime/feet.png",
    "img/hair/fringe/hime/navel.png",
    "img/hair/fringe/hime/short.png",
    "img/hair/fringe/hime/shoulder.png",
    "img/hair/fringe/hime/thighs.png",
    "img/hair/fringe/hime/alt/chest.png",
    "img/hair/fringe/hime/alt/feet.png",
    "img/hair/fringe/hime/alt/navel.png",
    "img/hair/fringe/hime/alt/short.png",
    "img/hair/fringe/hime/alt/shoulder.png",
    "img/hair/fringe/hime/alt/thighs.png",
    "img/hair/fringe/loose/chest.png",
    "img/hair/fringe/loose/feet.png",
    "img/hair/fringe/loose/navel.png",
    "img/hair/fringe/loose/short.png",
    "img/hair/fringe/loose/shoulder.png",
    "img/hair/fringe/loose/thighs.png",
    "img/hair/fringe/messy/chest.png",
    "img/hair/fringe/messy/feet.png",
    "img/hair/fringe/messy/navel.png",
    "img/hair/fringe/messy/short.png",
    "img/hair/fringe/messy/shoulder.png",
    "img/hair/fringe/messy/thighs.png",
    "img/hair/fringe/mohawk/chest.png",
    "img/hair/fringe/mohawk/feet.png",
    "img/hair/fringe/mohawk/navel.png",
    "img/hair/fringe/mohawk/short.png",
    "img/hair/fringe/mohawk/shoulder.png",
    "img/hair/fringe/mohawk/thighs.png",
    "img/hair/fringe/old_hime/chest.png",
    "img/hair/fringe/old_hime/feet.png",
    "img/hair/fringe/old_hime/navel.png",
    "img/hair/fringe/old_hime/short.png",
    "img/hair/fringe/old_hime/shoulder.png",
    "img/hair/fringe/old_hime/thighs.png",
    "img/hair/fringe/overgrown/chest.png",
    "img/hair/fringe/overgrown/feet.png",
    "img/hair/fringe/overgrown/navel.png",
    "img/hair/fringe/overgrown/short.png",
    "img/hair/fringe/overgrown/shoulder.png",
    "img/hair/fringe/overgrown/thighs.png",
    "img/hair/fringe/parted/chest.png",
    "img/hair/fringe/parted/feet.png",
    "img/hair/fringe/parted/navel.png",
    "img/hair/fringe/parted/short.png",
    "img/hair/fringe/parted/shoulder.png",
    "img/hair/fringe/parted/thighs.png",
    "img/hair/fringe/quiff/chest.png",
    "img/hair/fringe/quiff/feet.png",
    "img/hair/fringe/quiff/navel.png",
    "img/hair/fringe/quiff/short.png",
    "img/hair/fringe/quiff/shoulder.png",
    "img/hair/fringe/quiff/thighs.png",
    "img/hair/fringe/ringlet curl/chest.png",
    "img/hair/fringe/ringlet curl/feet.png",
    "img/hair/fringe/ringlet curl/navel.png",
    "img/hair/fringe/ringlet curl/short.png",
    "img/hair/fringe/ringlet curl/shoulder.png",
    "img/hair/fringe/ringlet curl/thighs.png",
    "img/hair/fringe/ringlets/chest.png",
    "img/hair/fringe/ringlets/feet.png",
    "img/hair/fringe/ringlets/navel.png",
    "img/hair/fringe/ringlets/short.png",
    "img/hair/fringe/ringlets/shoulder.png",
    "img/hair/fringe/ringlets/thighs.png",
    "img/hair/fringe/ruffled/chest.png",
    "img/hair/fringe/ruffled/feet.png",
    "img/hair/fringe/ruffled/navel.png",
    "img/hair/fringe/ruffled/short.png",
    "img/hair/fringe/ruffled/shoulder.png",
    "img/hair/fringe/ruffled/thighs.png",
    "img/hair/fringe/short air vents/chest.png",
    "img/hair/fringe/short air vents/feet.png",
    "img/hair/fringe/short air vents/navel.png",
    "img/hair/fringe/short air vents/short.png",
    "img/hair/fringe/short air vents/shoulder.png",
    "img/hair/fringe/short air vents/thighs.png",
    "img/hair/fringe/side-pinned/chest.png",
    "img/hair/fringe/side-pinned/feet.png",
    "img/hair/fringe/side-pinned/navel.png",
    "img/hair/fringe/side-pinned/short.png",
    "img/hair/fringe/side-pinned/shoulder.png",
    "img/hair/fringe/side-pinned/thighs.png",
    "img/hair/fringe/sidecut/chest.png",
    "img/hair/fringe/sidecut/feet.png",
    "img/hair/fringe/sidecut/navel.png",
    "img/hair/fringe/sidecut/short.png",
    "img/hair/fringe/sidecut/shoulder.png",
    "img/hair/fringe/sidecut/thighs.png",
    "img/hair/fringe/sideswept braid/chest.png",
    "img/hair/fringe/sideswept braid/feet.png",
    "img/hair/fringe/sideswept braid/navel.png",
    "img/hair/fringe/sideswept braid/short.png",
    "img/hair/fringe/sideswept braid/shoulder.png",
    "img/hair/fringe/sideswept braid/thighs.png",
    "img/hair/fringe/split/chest.png",
    "img/hair/fringe/split/feet.png",
    "img/hair/fringe/split/navel.png",
    "img/hair/fringe/split/short.png",
    "img/hair/fringe/split/shoulder.png",
    "img/hair/fringe/split/thighs.png",
    "img/hair/fringe/straight/chest.png",
    "img/hair/fringe/straight/feet.png",
    "img/hair/fringe/straight/navel.png",
    "img/hair/fringe/straight/short.png",
    "img/hair/fringe/straight/shoulder.png",
    "img/hair/fringe/straight/thighs.png",
    "img/hair/fringe/straight curl/chest.png",
    "img/hair/fringe/straight curl/feet.png",
    "img/hair/fringe/straight curl/navel.png",
    "img/hair/fringe/straight curl/short.png",
    "img/hair/fringe/straight curl/shoulder.png",
    "img/hair/fringe/straight curl/thighs.png",
    "img/hair/fringe/swept back/chest.png",
    "img/hair/fringe/swept back/feet.png",
    "img/hair/fringe/swept back/navel.png",
    "img/hair/fringe/swept back/short.png",
    "img/hair/fringe/swept back/shoulder.png",
    "img/hair/fringe/swept back/thighs.png",
    "img/hair/fringe/swept left/chest.png",
    "img/hair/fringe/swept left/feet.png",
    "img/hair/fringe/swept left/navel.png",
    "img/hair/fringe/swept left/short.png",
    "img/hair/fringe/swept left/shoulder.png",
    "img/hair/fringe/swept left/thighs.png",
    "img/hair/fringe/thin flaps/chest.png",
    "img/hair/fringe/thin flaps/feet.png",
    "img/hair/fringe/thin flaps/navel.png",
    "img/hair/fringe/thin flaps/short.png",
    "img/hair/fringe/thin flaps/shoulder.png",
    "img/hair/fringe/thin flaps/thighs.png",
    "img/hair/fringe/trident/chest.png",
    "img/hair/fringe/trident/feet.png",
    "img/hair/fringe/trident/navel.png",
    "img/hair/fringe/trident/short.png",
    "img/hair/fringe/trident/shoulder.png",
    "img/hair/fringe/trident/thighs.png",
    "img/hair/fringe/wide flaps/chest.png",
    "img/hair/fringe/wide flaps/feet.png",
    "img/hair/fringe/wide flaps/navel.png",
    "img/hair/fringe/wide flaps/short.png",
    "img/hair/fringe/wide flaps/shoulder.png",
    "img/hair/fringe/wide flaps/thighs.png",
    "img/hair/sides/afro pouf/chest.png",
    "img/hair/sides/afro pouf/feet.png",
    "img/hair/sides/afro pouf/navel.png",
    "img/hair/sides/afro pouf/short.png",
    "img/hair/sides/afro pouf/shoulder.png",
    "img/hair/sides/afro pouf/thighs.png",
    "img/hair/sides/afro puffs/chest.png",
    "img/hair/sides/afro puffs/feet.png",
    "img/hair/sides/afro puffs/navel.png",
    "img/hair/sides/afro puffs/short.png",
    "img/hair/sides/afro puffs/shoulder.png",
    "img/hair/sides/afro puffs/thighs.png",
    "img/hair/sides/all down/chest.png",
    "img/hair/sides/all down/feet.png",
    "img/hair/sides/all down/navel.png",
    "img/hair/sides/all down/short.png",
    "img/hair/sides/all down/shoulder.png",
    "img/hair/sides/all down/thighs.png",
    "img/hair/sides/braid left/chest.png",
    "img/hair/sides/braid left/feet.png",
    "img/hair/sides/braid left/navel.png",
    "img/hair/sides/braid left/short.png",
    "img/hair/sides/braid left/shoulder.png",
    "img/hair/sides/braid left/thighs.png",
    "img/hair/sides/braid right/chest.png",
    "img/hair/sides/braid right/feet.png",
    "img/hair/sides/braid right/navel.png",
    "img/hair/sides/braid right/short.png",
    "img/hair/sides/braid right/shoulder.png",
    "img/hair/sides/braid right/thighs.png",
    "img/hair/sides/bubble tails/chest.png",
    "img/hair/sides/bubble tails/feet.png",
    "img/hair/sides/bubble tails/navel.png",
    "img/hair/sides/bubble tails/short.png",
    "img/hair/sides/bubble tails/shoulder.png",
    "img/hair/sides/bubble tails/thighs.png",
    "img/hair/sides/crude/short.png",
    "img/hair/sides/curl/chest.png",
    "img/hair/sides/curl/feet.png",
    "img/hair/sides/curl/navel.png",
    "img/hair/sides/curl/short.png",
    "img/hair/sides/curl/shoulder.png",
    "img/hair/sides/curl/thighs.png",
    "img/hair/sides/curly pigtails/chest.png",
    "img/hair/sides/curly pigtails/feet.png",
    "img/hair/sides/curly pigtails/navel.png",
    "img/hair/sides/curly pigtails/short.png",
    "img/hair/sides/curly pigtails/shoulder.png",
    "img/hair/sides/curly pigtails/thighs.png",
    "img/hair/sides/curly side up/chest.png",
    "img/hair/sides/curly side up/feet.png",
    "img/hair/sides/curly side up/navel.png",
    "img/hair/sides/curly side up/short.png",
    "img/hair/sides/curly side up/shoulder.png",
    "img/hair/sides/curly side up/thighs.png",
    "img/hair/sides/default/chest.png",
    "img/hair/sides/default/feet.png",
    "img/hair/sides/default/navel.png",
    "img/hair/sides/default/short.png",
    "img/hair/sides/default/shoulder.png",
    "img/hair/sides/default/thighs.png",
    "img/hair/sides/defined curl/chest.png",
    "img/hair/sides/defined curl/feet.png",
    "img/hair/sides/defined curl/navel.png",
    "img/hair/sides/defined curl/short.png",
    "img/hair/sides/defined curl/shoulder.png",
    "img/hair/sides/defined curl/thighs.png",
    "img/hair/sides/defined_curl/chest.png",
    "img/hair/sides/defined_curl/feet.png",
    "img/hair/sides/defined_curl/navel.png",
    "img/hair/sides/defined_curl/short.png",
    "img/hair/sides/defined_curl/shoulder.png",
    "img/hair/sides/defined_curl/thighs.png",
    "img/hair/sides/dreads/chest.png",
    "img/hair/sides/dreads/feet.png",
    "img/hair/sides/dreads/navel.png",
    "img/hair/sides/dreads/short.png",
    "img/hair/sides/dreads/shoulder.png",
    "img/hair/sides/dreads/thighs.png",
    "img/hair/sides/drill ringlets/chest.png",
    "img/hair/sides/drill ringlets/feet.png",
    "img/hair/sides/drill ringlets/navel.png",
    "img/hair/sides/drill ringlets/short.png",
    "img/hair/sides/drill ringlets/shoulder.png",
    "img/hair/sides/drill ringlets/thighs.png",
    "img/hair/sides/flat ponytail/chest.png",
    "img/hair/sides/flat ponytail/feet.png",
    "img/hair/sides/flat ponytail/navel.png",
    "img/hair/sides/flat ponytail/short.png",
    "img/hair/sides/flat ponytail/shoulder.png",
    "img/hair/sides/flat ponytail/thighs.png",
    "img/hair/sides/fluffy ponytail/chest.png",
    "img/hair/sides/fluffy ponytail/feet.png",
    "img/hair/sides/fluffy ponytail/navel.png",
    "img/hair/sides/fluffy ponytail/short.png",
    "img/hair/sides/fluffy ponytail/shoulder.png",
    "img/hair/sides/fluffy ponytail/thighs.png",
    "img/hair/sides/french bob/chest.png",
    "img/hair/sides/french bob/feet.png",
    "img/hair/sides/french bob/navel.png",
    "img/hair/sides/french bob/short.png",
    "img/hair/sides/french bob/shoulder.png",
    "img/hair/sides/french bob/thighs.png",
    "img/hair/sides/fro/chest.png",
    "img/hair/sides/fro/feet.png",
    "img/hair/sides/fro/navel.png",
    "img/hair/sides/fro/short.png",
    "img/hair/sides/fro/shoulder.png",
    "img/hair/sides/fro/thighs.png",
    "img/hair/sides/half-up/chest.png",
    "img/hair/sides/half-up/feet.png",
    "img/hair/sides/half-up/navel.png",
    "img/hair/sides/half-up/short.png",
    "img/hair/sides/half-up/shoulder.png",
    "img/hair/sides/half-up/thighs.png",
    "img/hair/sides/heart braid/chest.png",
    "img/hair/sides/heart braid/feet.png",
    "img/hair/sides/heart braid/navel.png",
    "img/hair/sides/heart braid/short.png",
    "img/hair/sides/heart braid/shoulder.png",
    "img/hair/sides/heart braid/thighs.png",
    "img/hair/sides/layered bob/chest.png",
    "img/hair/sides/layered bob/feet.png",
    "img/hair/sides/layered bob/navel.png",
    "img/hair/sides/layered bob/short.png",
    "img/hair/sides/layered bob/shoulder.png",
    "img/hair/sides/layered bob/thighs.png",
    "img/hair/sides/loop braid/chest.png",
    "img/hair/sides/loop braid/feet.png",
    "img/hair/sides/loop braid/navel.png",
    "img/hair/sides/loop braid/short.png",
    "img/hair/sides/loop braid/shoulder.png",
    "img/hair/sides/loop braid/thighs.png",
    "img/hair/sides/loose/chest.png",
    "img/hair/sides/loose/feet.png",
    "img/hair/sides/loose/navel.png",
    "img/hair/sides/loose/short.png",
    "img/hair/sides/loose/shoulder.png",
    "img/hair/sides/loose/thighs.png",
    "img/hair/sides/messy/chest.png",
    "img/hair/sides/messy/feet.png",
    "img/hair/sides/messy/navel.png",
    "img/hair/sides/messy/short.png",
    "img/hair/sides/messy/shoulder.png",
    "img/hair/sides/messy/thighs.png",
    "img/hair/sides/messy bun/chest.png",
    "img/hair/sides/messy bun/feet.png",
    "img/hair/sides/messy bun/navel.png",
    "img/hair/sides/messy bun/short.png",
    "img/hair/sides/messy bun/shoulder.png",
    "img/hair/sides/messy bun/thighs.png",
    "img/hair/sides/neat/chest.png",
    "img/hair/sides/neat/feet.png",
    "img/hair/sides/neat/navel.png",
    "img/hair/sides/neat/short.png",
    "img/hair/sides/neat/shoulder.png",
    "img/hair/sides/neat/thighs.png",
    "img/hair/sides/pigtails/chest.png",
    "img/hair/sides/pigtails/feet.png",
    "img/hair/sides/pigtails/navel.png",
    "img/hair/sides/pigtails/short.png",
    "img/hair/sides/pigtails/shoulder.png",
    "img/hair/sides/pigtails/thighs.png",
    "img/hair/sides/ponytail/chest.png",
    "img/hair/sides/ponytail/feet.png",
    "img/hair/sides/ponytail/navel.png",
    "img/hair/sides/ponytail/short.png",
    "img/hair/sides/ponytail/shoulder.png",
    "img/hair/sides/ponytail/thighs.png",
    "img/hair/sides/ribbon tail/chest.png",
    "img/hair/sides/ribbon tail/feet.png",
    "img/hair/sides/ribbon tail/navel.png",
    "img/hair/sides/ribbon tail/short.png",
    "img/hair/sides/ribbon tail/shoulder.png",
    "img/hair/sides/ribbon tail/thighs.png",
    "img/hair/sides/ruffled/chest.png",
    "img/hair/sides/ruffled/feet.png",
    "img/hair/sides/ruffled/navel.png",
    "img/hair/sides/ruffled/short.png",
    "img/hair/sides/ruffled/shoulder.png",
    "img/hair/sides/ruffled/shoulders.png",
    "img/hair/sides/ruffled/thighs.png",
    "img/hair/sides/sailor buns/chest.png",
    "img/hair/sides/sailor buns/feet.png",
    "img/hair/sides/sailor buns/navel.png",
    "img/hair/sides/sailor buns/short.png",
    "img/hair/sides/sailor buns/shoulder.png",
    "img/hair/sides/sailor buns/thighs.png",
    "img/hair/sides/shaved/chest.png",
    "img/hair/sides/shaved/feet.png",
    "img/hair/sides/shaved/navel.png",
    "img/hair/sides/shaved/short.png",
    "img/hair/sides/shaved/shoulder.png",
    "img/hair/sides/shaved/thighs.png",
    "img/hair/sides/short/chest.png",
    "img/hair/sides/short/feet.png",
    "img/hair/sides/short/navel.png",
    "img/hair/sides/short/short.png",
    "img/hair/sides/short/shoulder.png",
    "img/hair/sides/short/thighs.png",
    "img/hair/sides/short spiky/chest.png",
    "img/hair/sides/short spiky/feet.png",
    "img/hair/sides/short spiky/navel.png",
    "img/hair/sides/short spiky/short.png",
    "img/hair/sides/short spiky/shoulder.png",
    "img/hair/sides/short spiky/thighs.png",
    "img/hair/sides/side tail left/chest.png",
    "img/hair/sides/side tail left/feet.png",
    "img/hair/sides/side tail left/navel.png",
    "img/hair/sides/side tail left/short.png",
    "img/hair/sides/side tail left/shoulder.png",
    "img/hair/sides/side tail left/thighs.png",
    "img/hair/sides/side tail right/chest.png",
    "img/hair/sides/side tail right/feet.png",
    "img/hair/sides/side tail right/navel.png",
    "img/hair/sides/side tail right/short.png",
    "img/hair/sides/side tail right/shoulder.png",
    "img/hair/sides/side tail right/thighs.png",
    "img/hair/sides/side thicktail/chest.png",
    "img/hair/sides/side thicktail/feet.png",
    "img/hair/sides/side thicktail/navel.png",
    "img/hair/sides/side thicktail/short.png",
    "img/hair/sides/side thicktail/shoulder.png",
    "img/hair/sides/side thicktail/thighs.png",
    "img/hair/sides/sidecut/chest.png",
    "img/hair/sides/sidecut/feet.png",
    "img/hair/sides/sidecut/navel.png",
    "img/hair/sides/sidecut/short.png",
    "img/hair/sides/sidecut/shoulder.png",
    "img/hair/sides/sidecut/thighs.png",
    "img/hair/sides/space buns/chest.png",
    "img/hair/sides/space buns/feet.png",
    "img/hair/sides/space buns/navel.png",
    "img/hair/sides/space buns/short.png",
    "img/hair/sides/space buns/shoulder.png",
    "img/hair/sides/space buns/thighs.png",
    "img/hair/sides/straight/chest.png",
    "img/hair/sides/straight/feet.png",
    "img/hair/sides/straight/navel.png",
    "img/hair/sides/straight/short.png",
    "img/hair/sides/straight/shoulder.png",
    "img/hair/sides/straight/thighs.png",
    "img/hair/sides/swept left/chest.png",
    "img/hair/sides/swept left/feet.png",
    "img/hair/sides/swept left/navel.png",
    "img/hair/sides/swept left/short.png",
    "img/hair/sides/swept left/shoulder.png",
    "img/hair/sides/swept left/thighs.png",
    "img/hair/sides/thick ponytail/chest.png",
    "img/hair/sides/thick ponytail/feet.png",
    "img/hair/sides/thick ponytail/navel.png",
    "img/hair/sides/thick ponytail/short.png",
    "img/hair/sides/thick ponytail/shoulder.png",
    "img/hair/sides/thick ponytail/thighs.png",
    "img/hair/sides/thick twintails/chest.png",
    "img/hair/sides/thick twintails/feet.png",
    "img/hair/sides/thick twintails/navel.png",
    "img/hair/sides/thick twintails/short.png",
    "img/hair/sides/thick twintails/shoulder.png",
    "img/hair/sides/thick twintails/thighs.png",
    "img/hair/sides/twin braids/chest.png",
    "img/hair/sides/twin braids/feet.png",
    "img/hair/sides/twin braids/navel.png",
    "img/hair/sides/twin braids/short.png",
    "img/hair/sides/twin braids/shoulder.png",
    "img/hair/sides/twin braids/thighs.png",
    "img/hair/sides/twin fishtails/chest.png",
    "img/hair/sides/twin fishtails/feet.png",
    "img/hair/sides/twin fishtails/navel.png",
    "img/hair/sides/twin fishtails/short.png",
    "img/hair/sides/twin fishtails/shoulder.png",
    "img/hair/sides/twin fishtails/thighs.png",
    "img/hair/sides/twintails/chest.png",
    "img/hair/sides/twintails/feet.png",
    "img/hair/sides/twintails/navel.png",
    "img/hair/sides/twintails/short.png",
    "img/hair/sides/twintails/shoulder.png",
    "img/hair/sides/twintails/thighs.png",
    "img/svr/iris_left.png",
    "img/svr/brow_1/brow-low.png",
    "img/svr/brow_1/brow-mid.png",
    "img/svr/brow_1/brow-orgasm.png",
    "img/svr/brow_1/brow-top.png",
    "img/svr/brow_2/brow-low.png",
    "img/svr/brow_2/brow-mid.png",
    "img/svr/brow_2/brow-orgasm.png",
    "img/svr/brow_2/brow-top.png",
    "img/svr/head/basehead_0.png",
    "img/svr/head/basehead_1.png",
    "img/svr/head/basehead_2.png",
    "img/svr/iris_org/iris_org.png",
    "img/svr/mouth-neutral/1.png",
    "img/svr/mouth-org/1.png",
    "img/svr/mouth-org/2.png",
    "img/svr/mouth-smile/1.png",
    "img/svr/SE_eyes_0/eyelids.png",
    "img/svr/SE_eyes_0/eyelids_halfclosed.png",
    "img/svr/SE_eyes_0/iris.png",
    "img/svr/SE_eyes_0/irisempty.png",
    "img/svr/SE_eyes_0/irisempty_halfclosed.png",
    "img/svr/SE_eyes_0/irisempty_halfclosed_left.png",
    "img/svr/SE_eyes_0/irisempty_halfclosed_right.png",
    "img/svr/SE_eyes_0/irisempty_left.png",
    "img/svr/SE_eyes_0/irisempty_org_left.png",
    "img/svr/SE_eyes_0/irisempty_org_right.png",
    "img/svr/SE_eyes_0/irisempty_right.png",
    "img/svr/SE_eyes_0/iris_halfclosed.png",
    "img/svr/SE_eyes_0/iris_halfclosed_left.png",
    "img/svr/SE_eyes_0/iris_halfclosed_right.png",
    "img/svr/SE_eyes_0/iris_left.png",
    "img/svr/SE_eyes_0/iris_org_left.png",
    "img/svr/SE_eyes_0/iris_org_right.png",
    "img/svr/SE_eyes_0/iris_right.png",
    "img/svr/SE_eyes_0/lashes.png",
    "img/svr/SE_eyes_0/lashes_halfclosed.png",
    "img/svr/SE_eyes_0/sclera.png",
    "img/svr/SE_eyes_0/sclerabloodshot.png",
    "img/svr/SE_eyes_1/eyelids.png",
    "img/svr/SE_eyes_1/eyelids_halfclosed.png",
    "img/svr/SE_eyes_1/iris.png",
    "img/svr/SE_eyes_1/irisempty.png",
    "img/svr/SE_eyes_1/irisempty_halfclosed.png",
    "img/svr/SE_eyes_1/irisempty_halfclosed_left.png",
    "img/svr/SE_eyes_1/irisempty_halfclosed_right.png",
    "img/svr/SE_eyes_1/irisempty_left.png",
    "img/svr/SE_eyes_1/irisempty_org_left.png",
    "img/svr/SE_eyes_1/irisempty_org_right.png",
    "img/svr/SE_eyes_1/irisempty_right.png",
    "img/svr/SE_eyes_1/iris_halfclosed.png",
    "img/svr/SE_eyes_1/iris_halfclosed_left.png",
    "img/svr/SE_eyes_1/iris_halfclosed_right.png",
    "img/svr/SE_eyes_1/iris_left.png",
    "img/svr/SE_eyes_1/iris_org_left.png",
    "img/svr/SE_eyes_1/iris_org_right.png",
    "img/svr/SE_eyes_1/iris_right.png",
    "img/svr/SE_eyes_1/lashes.png",
    "img/svr/SE_eyes_1/lashes_halfclosed.png",
    "img/svr/SE_eyes_1/sclera.png",
    "img/svr/SE_eyes_1/sclerabloodshot.png",
    "img/svr/SE_eyes_2/eyelids.png",
    "img/svr/SE_eyes_2/eyelids_halfclosed.png",
    "img/svr/SE_eyes_2/iris.png",
    "img/svr/SE_eyes_2/irisempty.png",
    "img/svr/SE_eyes_2/irisempty_halfclosed.png",
    "img/svr/SE_eyes_2/irisempty_halfclosed_left.png",
    "img/svr/SE_eyes_2/irisempty_halfclosed_right.png",
    "img/svr/SE_eyes_2/irisempty_left.png",
    "img/svr/SE_eyes_2/irisempty_org_left.png",
    "img/svr/SE_eyes_2/irisempty_org_right.png",
    "img/svr/SE_eyes_2/irisempty_right.png",
    "img/svr/SE_eyes_2/iris_halfclosed.png",
    "img/svr/SE_eyes_2/iris_halfclosed_left.png",
    "img/svr/SE_eyes_2/iris_halfclosed_right.png",
    "img/svr/SE_eyes_2/iris_left.png",
    "img/svr/SE_eyes_2/iris_org_left.png",
    "img/svr/SE_eyes_2/iris_org_right.png",
    "img/svr/SE_eyes_2/iris_right.png",
    "img/svr/SE_eyes_2/lashes.png",
    "img/svr/SE_eyes_2/lashes_halfclosed.png",
    "img/svr/SE_eyes_2/sclera.png",
    "img/svr/SE_eyes_2/sclerabloodshot.png",
    "img/svr/SE_side_0/side_border.png",
    "img/svr/SE_side_1/side_border.png"
  ]
}