{
  "name": "Snakecloth",
  "version": "1.0.29",
  "styleFileList": [],
  "scriptFileList_earlyload": [],
  "scriptFileList_inject_early": [],
  "scriptFileList_preload": [],
  "scriptFileList": [],
  "tweeFileList": [],
  "imgFileList": [],
  "additionFile": [
    "cloth_addon/haltersundress_s_lower.json",
    "cloth_addon/haltersundress_s_upper.json",
    "cloth_addon/invisible_mask.json",
    "cloth_addon/king_pant.json",
    "cloth_addon/nun_t1_lo.json",
    "cloth_addon/nun_t1_up.json",
    "cloth_addon/nun_t2_lo.json",
    "cloth_addon/nun_t2_up.json"
  ],
  "addonPlugin": [
    {
      "modName": "ModLoader DoL ImageLoaderHook",
      "addonName": "ImageLoaderAddon",
      "modVersion": "^2.3.0",
      "params": []
    },
    {
      "modName": "ModdedClothesAddon",
      "addonName": "ModdedClothesAddon",
      "modVersion": "^1.1.0",
      "params": {
        "clothes": [
          {
            "key": "upper",
            "filePath": "cloth_addon/haltersundress_s_upper.json"
          },
          {
            "key": "lower",
            "filePath": "cloth_addon/haltersundress_s_lower.json"
          },
          {
            "key": "lower",
            "filePath": "cloth_addon/king_pant.json"
          },
          {
            "key": "upper",
            "filePath": "cloth_addon/nun_t1_up.json"
          },
          {
            "key": "lower",
            "filePath": "cloth_addon/nun_t1_lo.json"
          },
          {
            "key": "upper",
            "filePath": "cloth_addon/nun_t2_up.json"
          },
          {
            "key": "lower",
            "filePath": "cloth_addon/nun_t2_lo.json"
          },
          {
            "key": "face",
            "filePath": "cloth_addon/invisible_mask.json"
          }
        ]
      }
    },
    {
      "modName": "BeautySelectorAddon",
      "addonName": "BeautySelectorAddon",
      "modVersion": "^2.0.0",
      "params": {
        "type": "Snakecloth",
        "imgFileList": [
          "img/clothes/face/kingmask/frayed_gray.png",
          "img/clothes/face/kingmask/full_gray.png",
          "img/clothes/face/kingmask/tattered_gray.png",
          "img/clothes/face/kingmask/torn_gray.png",
          "img/clothes/lower/haltersundress/frayed_gray.png",
          "img/clothes/lower/haltersundress/full_gray.png",
          "img/clothes/lower/haltersundress/tattered_gray.png",
          "img/clothes/lower/haltersundress/torn_gray.png",
          "img/clothes/lower/haltersundress/backup/frayed_gray.png",
          "img/clothes/lower/haltersundress/backup/full_gray.png",
          "img/clothes/lower/haltersundress/backup/tattered_gray.png",
          "img/clothes/lower/haltersundress/backup/torn_gray.png",
          "img/clothes/lower/haltersundress_s/frayed_gray.png",
          "img/clothes/lower/haltersundress_s/full_gray.png",
          "img/clothes/lower/haltersundress_s/tattered_gray.png",
          "img/clothes/lower/haltersundress_s/torn_gray.png",
          "img/clothes/lower/haltersundress_s/backup/frayed_gray.png",
          "img/clothes/lower/haltersundress_s/backup/full_gray.png",
          "img/clothes/lower/haltersundress_s/backup/tattered_gray.png",
          "img/clothes/lower/haltersundress_s/backup/torn_gray.png",
          "img/clothes/lower/king/frayed_gray.png",
          "img/clothes/lower/king/full_gray.png",
          "img/clothes/lower/king/tattered_gray.png",
          "img/clothes/lower/king/torn_gray.png",
          "img/clothes/lower/micropleatedskirt/frayed_gray.png",
          "img/clothes/lower/micropleatedskirt/full_gray.png",
          "img/clothes/lower/micropleatedskirt/tattered_gray.png",
          "img/clothes/lower/micropleatedskirt/torn_gray.png",
          "img/clothes/lower/nun/back.png",
          "img/clothes/lower/nun/back_gray.png",
          "img/clothes/lower/nun/frayed.png",
          "img/clothes/lower/nun/full.png",
          "img/clothes/lower/nun/tattered.png",
          "img/clothes/lower/nun/torn.png",
          "img/clothes/lower/nun_t1/back.png",
          "img/clothes/lower/nun_t1/back_gray.png",
          "img/clothes/lower/nun_t1/frayed.png",
          "img/clothes/lower/nun_t1/full.png",
          "img/clothes/lower/nun_t1/tattered.png",
          "img/clothes/lower/nun_t1/torn.png",
          "img/clothes/lower/nun_t2/back.png",
          "img/clothes/lower/nun_t2/back_gray.png",
          "img/clothes/lower/nun_t2/frayed.png",
          "img/clothes/lower/nun_t2/full.png",
          "img/clothes/lower/nun_t2/tattered.png",
          "img/clothes/lower/nun_t2/torn.png",
          "img/clothes/lower/pencil/frayed_gray.png",
          "img/clothes/lower/pencil/full_gray.png",
          "img/clothes/lower/pencil/tattered_gray.png",
          "img/clothes/lower/pencil/torn_gray.png",
          "img/clothes/lower/skimpylolita/acc.png",
          "img/clothes/lower/skimpylolita/frayed_gray.png",
          "img/clothes/lower/skimpylolita/full_gray.png",
          "img/clothes/lower/skimpylolita/tattered_gray.png",
          "img/clothes/lower/skimpylolita/torn_gray.png",
          "img/clothes/lower/witch/acc.png",
          "img/clothes/lower/witch/acc_gray.png",
          "img/clothes/lower/witch/frayed_gray.png",
          "img/clothes/lower/witch/full_gray.png",
          "img/clothes/lower/witch/tattered_gray.png",
          "img/clothes/lower/witch/torn_gray.png",
          "img/clothes/upper/babydoll/0_gray.png",
          "img/clothes/upper/babydoll/1_gray.png",
          "img/clothes/upper/babydoll/2_gray.png",
          "img/clothes/upper/babydoll/3_gray.png",
          "img/clothes/upper/babydoll/4_gray.png",
          "img/clothes/upper/babydoll/5_gray.png",
          "img/clothes/upper/babydoll/frayed_gray.png",
          "img/clothes/upper/babydoll/full_gray.png",
          "img/clothes/upper/babydoll/tattered_gray.png",
          "img/clothes/upper/babydoll/torn_gray.png",
          "img/clothes/upper/babydolllingerie/0_gray.png",
          "img/clothes/upper/babydolllingerie/1_gray.png",
          "img/clothes/upper/babydolllingerie/2_gray.png",
          "img/clothes/upper/babydolllingerie/3_gray.png",
          "img/clothes/upper/babydolllingerie/4_gray.png",
          "img/clothes/upper/babydolllingerie/5_gray.png",
          "img/clothes/upper/babydolllingerie/frayed_gray.png",
          "img/clothes/upper/babydolllingerie/full_gray.png",
          "img/clothes/upper/babydolllingerie/tattered_gray.png",
          "img/clothes/upper/babydolllingerie/torn_gray.png",
          "img/clothes/upper/ballgown/0_gray.png",
          "img/clothes/upper/ballgown/1_gray.png",
          "img/clothes/upper/ballgown/2_gray.png",
          "img/clothes/upper/ballgown/3_gray.png",
          "img/clothes/upper/ballgown/4_gray.png",
          "img/clothes/upper/ballgown/5_gray.png",
          "img/clothes/upper/ballgown/frayed_gray.png",
          "img/clothes/upper/ballgown/full_gray.png",
          "img/clothes/upper/ballgown/tattered_gray.png",
          "img/clothes/upper/ballgown/torn_gray.png",
          "img/clothes/upper/catsuit/0_gray.png",
          "img/clothes/upper/catsuit/1_gray.png",
          "img/clothes/upper/catsuit/2_gray.png",
          "img/clothes/upper/catsuit/3_gray.png",
          "img/clothes/upper/catsuit/4_gray.png",
          "img/clothes/upper/catsuit/5_gray.png",
          "img/clothes/upper/catsuit/frayed.png",
          "img/clothes/upper/catsuit/frayed_gray.png",
          "img/clothes/upper/catsuit/full.png",
          "img/clothes/upper/catsuit/full_gray.png",
          "img/clothes/upper/catsuit/left.png",
          "img/clothes/upper/catsuit/left_cover.png",
          "img/clothes/upper/catsuit/left_cover_gray.png",
          "img/clothes/upper/catsuit/left_gray.png",
          "img/clothes/upper/catsuit/right.png",
          "img/clothes/upper/catsuit/right_cover.png",
          "img/clothes/upper/catsuit/right_cover_gray.png",
          "img/clothes/upper/catsuit/right_gray.png",
          "img/clothes/upper/catsuit/tattered.png",
          "img/clothes/upper/catsuit/tattered_gray.png",
          "img/clothes/upper/catsuit/torn.png",
          "img/clothes/upper/catsuit/torn_gray.png",
          "img/clothes/upper/haltersundress/0_gray.png",
          "img/clothes/upper/haltersundress/1_gray.png",
          "img/clothes/upper/haltersundress/2_gray.png",
          "img/clothes/upper/haltersundress/3_gray.png",
          "img/clothes/upper/haltersundress/4_gray.png",
          "img/clothes/upper/haltersundress/5_gray.png",
          "img/clothes/upper/haltersundress/frayed_gray.png",
          "img/clothes/upper/haltersundress/full_gray.png",
          "img/clothes/upper/haltersundress/tattered_gray.png",
          "img/clothes/upper/haltersundress/torn_gray.png",
          "img/clothes/upper/haltersundress/backup/0_gray.png",
          "img/clothes/upper/haltersundress/backup/1_gray.png",
          "img/clothes/upper/haltersundress/backup/2_gray.png",
          "img/clothes/upper/haltersundress/backup/3_gray.png",
          "img/clothes/upper/haltersundress/backup/4_gray.png",
          "img/clothes/upper/haltersundress/backup/5_gray.png",
          "img/clothes/upper/haltersundress/backup/frayed_gray.png",
          "img/clothes/upper/haltersundress/backup/full_gray.png",
          "img/clothes/upper/haltersundress/backup/tattered_gray.png",
          "img/clothes/upper/haltersundress/backup/torn_gray.png",
          "img/clothes/upper/haltersundress_s/0_gray.png",
          "img/clothes/upper/haltersundress_s/1_gray.png",
          "img/clothes/upper/haltersundress_s/2_gray.png",
          "img/clothes/upper/haltersundress_s/3_gray.png",
          "img/clothes/upper/haltersundress_s/4_gray.png",
          "img/clothes/upper/haltersundress_s/5_gray.png",
          "img/clothes/upper/haltersundress_s/frayed_gray.png",
          "img/clothes/upper/haltersundress_s/full_gray.png",
          "img/clothes/upper/haltersundress_s/tattered_gray.png",
          "img/clothes/upper/haltersundress_s/torn_gray.png",
          "img/clothes/upper/haltersundress_s/backup/0_gray.png",
          "img/clothes/upper/haltersundress_s/backup/1_gray.png",
          "img/clothes/upper/haltersundress_s/backup/2_gray.png",
          "img/clothes/upper/haltersundress_s/backup/3_gray.png",
          "img/clothes/upper/haltersundress_s/backup/4_gray.png",
          "img/clothes/upper/haltersundress_s/backup/5_gray.png",
          "img/clothes/upper/haltersundress_s/backup/frayed_gray.png",
          "img/clothes/upper/haltersundress_s/backup/full_gray.png",
          "img/clothes/upper/haltersundress_s/backup/tattered_gray.png",
          "img/clothes/upper/haltersundress_s/backup/torn_gray.png",
          "img/clothes/upper/nun/0.png",
          "img/clothes/upper/nun/1.png",
          "img/clothes/upper/nun/2.png",
          "img/clothes/upper/nun/3.png",
          "img/clothes/upper/nun/4.png",
          "img/clothes/upper/nun/5.png",
          "img/clothes/upper/nun/frayed.png",
          "img/clothes/upper/nun/full.png",
          "img/clothes/upper/nun/hold.png",
          "img/clothes/upper/nun/left.png",
          "img/clothes/upper/nun/left_cover.png",
          "img/clothes/upper/nun/right.png",
          "img/clothes/upper/nun/right_cover.png",
          "img/clothes/upper/nun/tattered.png",
          "img/clothes/upper/nun/torn.png",
          "img/clothes/upper/nun/backup/0.png",
          "img/clothes/upper/nun/backup/1.png",
          "img/clothes/upper/nun/backup/2.png",
          "img/clothes/upper/nun/backup/3.png",
          "img/clothes/upper/nun/backup/4.png",
          "img/clothes/upper/nun/backup/40.png",
          "img/clothes/upper/nun/backup/5.png",
          "img/clothes/upper/nun/backup/frayed.png",
          "img/clothes/upper/nun/backup/full.png",
          "img/clothes/upper/nun/backup/hold.png",
          "img/clothes/upper/nun/backup/left.png",
          "img/clothes/upper/nun/backup/left_cover.png",
          "img/clothes/upper/nun/backup/right.png",
          "img/clothes/upper/nun/backup/right_cover.png",
          "img/clothes/upper/nun/backup/tattered.png",
          "img/clothes/upper/nun/backup/torn.png",
          "img/clothes/upper/nun_t1/0.png",
          "img/clothes/upper/nun_t1/1.png",
          "img/clothes/upper/nun_t1/2.png",
          "img/clothes/upper/nun_t1/3.png",
          "img/clothes/upper/nun_t1/4.png",
          "img/clothes/upper/nun_t1/5.png",
          "img/clothes/upper/nun_t1/frayed.png",
          "img/clothes/upper/nun_t1/full.png",
          "img/clothes/upper/nun_t1/hold.png",
          "img/clothes/upper/nun_t1/left.png",
          "img/clothes/upper/nun_t1/left_cover.png",
          "img/clothes/upper/nun_t1/right.png",
          "img/clothes/upper/nun_t1/right_cover.png",
          "img/clothes/upper/nun_t1/tattered.png",
          "img/clothes/upper/nun_t1/torn.png",
          "img/clothes/upper/nun_t1/backup/0.png",
          "img/clothes/upper/nun_t1/backup/1.png",
          "img/clothes/upper/nun_t1/backup/2.png",
          "img/clothes/upper/nun_t1/backup/3.png",
          "img/clothes/upper/nun_t1/backup/4.png",
          "img/clothes/upper/nun_t1/backup/40.png",
          "img/clothes/upper/nun_t1/backup/5.png",
          "img/clothes/upper/nun_t1/backup/frayed.png",
          "img/clothes/upper/nun_t1/backup/full.png",
          "img/clothes/upper/nun_t1/backup/hold.png",
          "img/clothes/upper/nun_t1/backup/left.png",
          "img/clothes/upper/nun_t1/backup/left_cover.png",
          "img/clothes/upper/nun_t1/backup/right.png",
          "img/clothes/upper/nun_t1/backup/right_cover.png",
          "img/clothes/upper/nun_t1/backup/tattered.png",
          "img/clothes/upper/nun_t1/backup/torn.png",
          "img/clothes/upper/nun_t2/0.png",
          "img/clothes/upper/nun_t2/1.png",
          "img/clothes/upper/nun_t2/2.png",
          "img/clothes/upper/nun_t2/3.png",
          "img/clothes/upper/nun_t2/4.png",
          "img/clothes/upper/nun_t2/5.png",
          "img/clothes/upper/nun_t2/frayed.png",
          "img/clothes/upper/nun_t2/full.png",
          "img/clothes/upper/nun_t2/hold.png",
          "img/clothes/upper/nun_t2/left.png",
          "img/clothes/upper/nun_t2/left_cover.png",
          "img/clothes/upper/nun_t2/right.png",
          "img/clothes/upper/nun_t2/right_cover.png",
          "img/clothes/upper/nun_t2/tattered.png",
          "img/clothes/upper/nun_t2/torn.png",
          "img/clothes/upper/nun_t2/backup/0.png",
          "img/clothes/upper/nun_t2/backup/1.png",
          "img/clothes/upper/nun_t2/backup/2.png",
          "img/clothes/upper/nun_t2/backup/3.png",
          "img/clothes/upper/nun_t2/backup/4.png",
          "img/clothes/upper/nun_t2/backup/40.png",
          "img/clothes/upper/nun_t2/backup/5.png",
          "img/clothes/upper/nun_t2/backup/frayed.png",
          "img/clothes/upper/nun_t2/backup/full.png",
          "img/clothes/upper/nun_t2/backup/hold.png",
          "img/clothes/upper/nun_t2/backup/left.png",
          "img/clothes/upper/nun_t2/backup/left_cover.png",
          "img/clothes/upper/nun_t2/backup/right.png",
          "img/clothes/upper/nun_t2/backup/right_cover.png",
          "img/clothes/upper/nun_t2/backup/tattered.png",
          "img/clothes/upper/nun_t2/backup/torn.png",
          "img/clothes/upper/witch/0_gray.png",
          "img/clothes/upper/witch/1_gray.png",
          "img/clothes/upper/witch/2_gray.png",
          "img/clothes/upper/witch/3_gray.png",
          "img/clothes/upper/witch/4_gray.png",
          "img/clothes/upper/witch/5_gray.png",
          "img/clothes/upper/witch/acc_gray.png",
          "img/clothes/upper/witch/frayed_gray.png",
          "img/clothes/upper/witch/full_gray.png",
          "img/clothes/upper/witch/left_cover_gray.png",
          "img/clothes/upper/witch/left_gray.png",
          "img/clothes/upper/witch/right_cover_gray.png",
          "img/clothes/upper/witch/right_gray.png",
          "img/clothes/upper/witch/tattered_gray.png",
          "img/clothes/upper/witch/torn_gray.png",
          "img/misc/icon/clothes/k_mask.png",
          "img/sex/doggy/active/facewear/kingmask/full.png",
          "img/sex/doggy/active/king/full.png",
          "img/sex/missionary/active/facewear/kingmask/full.png",
          "img/sex/missionary/active/king/full.png",
          "img/transformations/angel/backbrokenhalo.png",
          "img/transformations/angel/backhalo.png",
          "img/transformations/angel/brokenhalo.png",
          "img/transformations/angel/brokenwings.png",
          "img/transformations/angel/frontbrokenhalo.png",
          "img/transformations/angel/fronthalo.png",
          "img/transformations/angel/halo.png",
          "img/transformations/angel/leftcover.png",
          "img/transformations/angel/leftwing.png",
          "img/transformations/angel/rightcover.png",
          "img/transformations/angel/rightwing.png",
          "img/transformations/angel/wings.png",
          "img/transformations/angel/backhalo/default.png",
          "img/transformations/angel/backhalo/traditional.png",
          "img/transformations/angel/fronthalo/default.png",
          "img/transformations/angel/fronthalo/traditional.png",
          "img/transformations/angel/leftcover/default.png",
          "img/transformations/angel/leftwing/default.png",
          "img/transformations/angel/leftwing/default_back.png",
          "img/transformations/angel/rightcover/default.png",
          "img/transformations/angel/rightwing/default.png"
        ]
      }
    }
  ],
  "dependenceInfo": [
    {
      "modName": "ModLoader",
      "version": ">=1.1.0"
    },
    {
      "modName": "TweeReplacer",
      "version": ">=1.0.0"
    },
    {
      "modName": "ReplacePatcher",
      "version": ">=1.0.0"
    },
    {
      "modName": "ModdedClothesAddon",
      "version": "^1.1.0"
    },
    {
      "modName": "ModLoader DoL ImageLoaderHook",
      "version": "^2.3.0"
    },
    {
      "modName": "BeautySelectorAddon",
      "version": "^2.0.0"
    }
  ],
  "additionBinaryFile": [
    "img/clothes/face/kingmask/frayed_gray.png",
    "img/clothes/face/kingmask/full_gray.png",
    "img/clothes/face/kingmask/tattered_gray.png",
    "img/clothes/face/kingmask/torn_gray.png",
    "img/clothes/lower/haltersundress/frayed_gray.png",
    "img/clothes/lower/haltersundress/full_gray.png",
    "img/clothes/lower/haltersundress/tattered_gray.png",
    "img/clothes/lower/haltersundress/torn_gray.png",
    "img/clothes/lower/haltersundress/backup/frayed_gray.png",
    "img/clothes/lower/haltersundress/backup/full_gray.png",
    "img/clothes/lower/haltersundress/backup/tattered_gray.png",
    "img/clothes/lower/haltersundress/backup/torn_gray.png",
    "img/clothes/lower/haltersundress_s/frayed_gray.png",
    "img/clothes/lower/haltersundress_s/full_gray.png",
    "img/clothes/lower/haltersundress_s/tattered_gray.png",
    "img/clothes/lower/haltersundress_s/torn_gray.png",
    "img/clothes/lower/haltersundress_s/backup/frayed_gray.png",
    "img/clothes/lower/haltersundress_s/backup/full_gray.png",
    "img/clothes/lower/haltersundress_s/backup/tattered_gray.png",
    "img/clothes/lower/haltersundress_s/backup/torn_gray.png",
    "img/clothes/lower/king/frayed_gray.png",
    "img/clothes/lower/king/full_gray.png",
    "img/clothes/lower/king/tattered_gray.png",
    "img/clothes/lower/king/torn_gray.png",
    "img/clothes/lower/micropleatedskirt/frayed_gray.png",
    "img/clothes/lower/micropleatedskirt/full_gray.png",
    "img/clothes/lower/micropleatedskirt/tattered_gray.png",
    "img/clothes/lower/micropleatedskirt/torn_gray.png",
    "img/clothes/lower/nun/back.png",
    "img/clothes/lower/nun/back_gray.png",
    "img/clothes/lower/nun/frayed.png",
    "img/clothes/lower/nun/full.png",
    "img/clothes/lower/nun/tattered.png",
    "img/clothes/lower/nun/torn.png",
    "img/clothes/lower/nun_t1/back.png",
    "img/clothes/lower/nun_t1/back_gray.png",
    "img/clothes/lower/nun_t1/frayed.png",
    "img/clothes/lower/nun_t1/full.png",
    "img/clothes/lower/nun_t1/tattered.png",
    "img/clothes/lower/nun_t1/torn.png",
    "img/clothes/lower/nun_t2/back.png",
    "img/clothes/lower/nun_t2/back_gray.png",
    "img/clothes/lower/nun_t2/frayed.png",
    "img/clothes/lower/nun_t2/full.png",
    "img/clothes/lower/nun_t2/tattered.png",
    "img/clothes/lower/nun_t2/torn.png",
    "img/clothes/lower/pencil/frayed_gray.png",
    "img/clothes/lower/pencil/full_gray.png",
    "img/clothes/lower/pencil/tattered_gray.png",
    "img/clothes/lower/pencil/torn_gray.png",
    "img/clothes/lower/skimpylolita/acc.png",
    "img/clothes/lower/skimpylolita/frayed_gray.png",
    "img/clothes/lower/skimpylolita/full_gray.png",
    "img/clothes/lower/skimpylolita/tattered_gray.png",
    "img/clothes/lower/skimpylolita/torn_gray.png",
    "img/clothes/lower/witch/acc.png",
    "img/clothes/lower/witch/acc_gray.png",
    "img/clothes/lower/witch/frayed_gray.png",
    "img/clothes/lower/witch/full_gray.png",
    "img/clothes/lower/witch/tattered_gray.png",
    "img/clothes/lower/witch/torn_gray.png",
    "img/clothes/upper/babydoll/0_gray.png",
    "img/clothes/upper/babydoll/1_gray.png",
    "img/clothes/upper/babydoll/2_gray.png",
    "img/clothes/upper/babydoll/3_gray.png",
    "img/clothes/upper/babydoll/4_gray.png",
    "img/clothes/upper/babydoll/5_gray.png",
    "img/clothes/upper/babydoll/frayed_gray.png",
    "img/clothes/upper/babydoll/full_gray.png",
    "img/clothes/upper/babydoll/tattered_gray.png",
    "img/clothes/upper/babydoll/torn_gray.png",
    "img/clothes/upper/babydolllingerie/0_gray.png",
    "img/clothes/upper/babydolllingerie/1_gray.png",
    "img/clothes/upper/babydolllingerie/2_gray.png",
    "img/clothes/upper/babydolllingerie/3_gray.png",
    "img/clothes/upper/babydolllingerie/4_gray.png",
    "img/clothes/upper/babydolllingerie/5_gray.png",
    "img/clothes/upper/babydolllingerie/frayed_gray.png",
    "img/clothes/upper/babydolllingerie/full_gray.png",
    "img/clothes/upper/babydolllingerie/tattered_gray.png",
    "img/clothes/upper/babydolllingerie/torn_gray.png",
    "img/clothes/upper/ballgown/0_gray.png",
    "img/clothes/upper/ballgown/1_gray.png",
    "img/clothes/upper/ballgown/2_gray.png",
    "img/clothes/upper/ballgown/3_gray.png",
    "img/clothes/upper/ballgown/4_gray.png",
    "img/clothes/upper/ballgown/5_gray.png",
    "img/clothes/upper/ballgown/frayed_gray.png",
    "img/clothes/upper/ballgown/full_gray.png",
    "img/clothes/upper/ballgown/tattered_gray.png",
    "img/clothes/upper/ballgown/torn_gray.png",
    "img/clothes/upper/catsuit/0_gray.png",
    "img/clothes/upper/catsuit/1_gray.png",
    "img/clothes/upper/catsuit/2_gray.png",
    "img/clothes/upper/catsuit/3_gray.png",
    "img/clothes/upper/catsuit/4_gray.png",
    "img/clothes/upper/catsuit/5_gray.png",
    "img/clothes/upper/catsuit/frayed.png",
    "img/clothes/upper/catsuit/frayed_gray.png",
    "img/clothes/upper/catsuit/full.png",
    "img/clothes/upper/catsuit/full_gray.png",
    "img/clothes/upper/catsuit/left.png",
    "img/clothes/upper/catsuit/left_cover.png",
    "img/clothes/upper/catsuit/left_cover_gray.png",
    "img/clothes/upper/catsuit/left_gray.png",
    "img/clothes/upper/catsuit/right.png",
    "img/clothes/upper/catsuit/right_cover.png",
    "img/clothes/upper/catsuit/right_cover_gray.png",
    "img/clothes/upper/catsuit/right_gray.png",
    "img/clothes/upper/catsuit/tattered.png",
    "img/clothes/upper/catsuit/tattered_gray.png",
    "img/clothes/upper/catsuit/torn.png",
    "img/clothes/upper/catsuit/torn_gray.png",
    "img/clothes/upper/haltersundress/0_gray.png",
    "img/clothes/upper/haltersundress/1_gray.png",
    "img/clothes/upper/haltersundress/2_gray.png",
    "img/clothes/upper/haltersundress/3_gray.png",
    "img/clothes/upper/haltersundress/4_gray.png",
    "img/clothes/upper/haltersundress/5_gray.png",
    "img/clothes/upper/haltersundress/frayed_gray.png",
    "img/clothes/upper/haltersundress/full_gray.png",
    "img/clothes/upper/haltersundress/tattered_gray.png",
    "img/clothes/upper/haltersundress/torn_gray.png",
    "img/clothes/upper/haltersundress/backup/0_gray.png",
    "img/clothes/upper/haltersundress/backup/1_gray.png",
    "img/clothes/upper/haltersundress/backup/2_gray.png",
    "img/clothes/upper/haltersundress/backup/3_gray.png",
    "img/clothes/upper/haltersundress/backup/4_gray.png",
    "img/clothes/upper/haltersundress/backup/5_gray.png",
    "img/clothes/upper/haltersundress/backup/frayed_gray.png",
    "img/clothes/upper/haltersundress/backup/full_gray.png",
    "img/clothes/upper/haltersundress/backup/tattered_gray.png",
    "img/clothes/upper/haltersundress/backup/torn_gray.png",
    "img/clothes/upper/haltersundress_s/0_gray.png",
    "img/clothes/upper/haltersundress_s/1_gray.png",
    "img/clothes/upper/haltersundress_s/2_gray.png",
    "img/clothes/upper/haltersundress_s/3_gray.png",
    "img/clothes/upper/haltersundress_s/4_gray.png",
    "img/clothes/upper/haltersundress_s/5_gray.png",
    "img/clothes/upper/haltersundress_s/frayed_gray.png",
    "img/clothes/upper/haltersundress_s/full_gray.png",
    "img/clothes/upper/haltersundress_s/tattered_gray.png",
    "img/clothes/upper/haltersundress_s/torn_gray.png",
    "img/clothes/upper/haltersundress_s/backup/0_gray.png",
    "img/clothes/upper/haltersundress_s/backup/1_gray.png",
    "img/clothes/upper/haltersundress_s/backup/2_gray.png",
    "img/clothes/upper/haltersundress_s/backup/3_gray.png",
    "img/clothes/upper/haltersundress_s/backup/4_gray.png",
    "img/clothes/upper/haltersundress_s/backup/5_gray.png",
    "img/clothes/upper/haltersundress_s/backup/frayed_gray.png",
    "img/clothes/upper/haltersundress_s/backup/full_gray.png",
    "img/clothes/upper/haltersundress_s/backup/tattered_gray.png",
    "img/clothes/upper/haltersundress_s/backup/torn_gray.png",
    "img/clothes/upper/nun/0.png",
    "img/clothes/upper/nun/1.png",
    "img/clothes/upper/nun/2.png",
    "img/clothes/upper/nun/3.png",
    "img/clothes/upper/nun/4.png",
    "img/clothes/upper/nun/5.png",
    "img/clothes/upper/nun/frayed.png",
    "img/clothes/upper/nun/full.png",
    "img/clothes/upper/nun/hold.png",
    "img/clothes/upper/nun/left.png",
    "img/clothes/upper/nun/left_cover.png",
    "img/clothes/upper/nun/right.png",
    "img/clothes/upper/nun/right_cover.png",
    "img/clothes/upper/nun/tattered.png",
    "img/clothes/upper/nun/torn.png",
    "img/clothes/upper/nun/backup/0.png",
    "img/clothes/upper/nun/backup/1.png",
    "img/clothes/upper/nun/backup/2.png",
    "img/clothes/upper/nun/backup/3.png",
    "img/clothes/upper/nun/backup/4.png",
    "img/clothes/upper/nun/backup/40.png",
    "img/clothes/upper/nun/backup/5.png",
    "img/clothes/upper/nun/backup/frayed.png",
    "img/clothes/upper/nun/backup/full.png",
    "img/clothes/upper/nun/backup/hold.png",
    "img/clothes/upper/nun/backup/left.png",
    "img/clothes/upper/nun/backup/left_cover.png",
    "img/clothes/upper/nun/backup/right.png",
    "img/clothes/upper/nun/backup/right_cover.png",
    "img/clothes/upper/nun/backup/tattered.png",
    "img/clothes/upper/nun/backup/torn.png",
    "img/clothes/upper/nun_t1/0.png",
    "img/clothes/upper/nun_t1/1.png",
    "img/clothes/upper/nun_t1/2.png",
    "img/clothes/upper/nun_t1/3.png",
    "img/clothes/upper/nun_t1/4.png",
    "img/clothes/upper/nun_t1/5.png",
    "img/clothes/upper/nun_t1/frayed.png",
    "img/clothes/upper/nun_t1/full.png",
    "img/clothes/upper/nun_t1/hold.png",
    "img/clothes/upper/nun_t1/left.png",
    "img/clothes/upper/nun_t1/left_cover.png",
    "img/clothes/upper/nun_t1/right.png",
    "img/clothes/upper/nun_t1/right_cover.png",
    "img/clothes/upper/nun_t1/tattered.png",
    "img/clothes/upper/nun_t1/torn.png",
    "img/clothes/upper/nun_t1/backup/0.png",
    "img/clothes/upper/nun_t1/backup/1.png",
    "img/clothes/upper/nun_t1/backup/2.png",
    "img/clothes/upper/nun_t1/backup/3.png",
    "img/clothes/upper/nun_t1/backup/4.png",
    "img/clothes/upper/nun_t1/backup/40.png",
    "img/clothes/upper/nun_t1/backup/5.png",
    "img/clothes/upper/nun_t1/backup/frayed.png",
    "img/clothes/upper/nun_t1/backup/full.png",
    "img/clothes/upper/nun_t1/backup/hold.png",
    "img/clothes/upper/nun_t1/backup/left.png",
    "img/clothes/upper/nun_t1/backup/left_cover.png",
    "img/clothes/upper/nun_t1/backup/right.png",
    "img/clothes/upper/nun_t1/backup/right_cover.png",
    "img/clothes/upper/nun_t1/backup/tattered.png",
    "img/clothes/upper/nun_t1/backup/torn.png",
    "img/clothes/upper/nun_t2/0.png",
    "img/clothes/upper/nun_t2/1.png",
    "img/clothes/upper/nun_t2/2.png",
    "img/clothes/upper/nun_t2/3.png",
    "img/clothes/upper/nun_t2/4.png",
    "img/clothes/upper/nun_t2/5.png",
    "img/clothes/upper/nun_t2/frayed.png",
    "img/clothes/upper/nun_t2/full.png",
    "img/clothes/upper/nun_t2/hold.png",
    "img/clothes/upper/nun_t2/left.png",
    "img/clothes/upper/nun_t2/left_cover.png",
    "img/clothes/upper/nun_t2/right.png",
    "img/clothes/upper/nun_t2/right_cover.png",
    "img/clothes/upper/nun_t2/tattered.png",
    "img/clothes/upper/nun_t2/torn.png",
    "img/clothes/upper/nun_t2/backup/0.png",
    "img/clothes/upper/nun_t2/backup/1.png",
    "img/clothes/upper/nun_t2/backup/2.png",
    "img/clothes/upper/nun_t2/backup/3.png",
    "img/clothes/upper/nun_t2/backup/4.png",
    "img/clothes/upper/nun_t2/backup/40.png",
    "img/clothes/upper/nun_t2/backup/5.png",
    "img/clothes/upper/nun_t2/backup/frayed.png",
    "img/clothes/upper/nun_t2/backup/full.png",
    "img/clothes/upper/nun_t2/backup/hold.png",
    "img/clothes/upper/nun_t2/backup/left.png",
    "img/clothes/upper/nun_t2/backup/left_cover.png",
    "img/clothes/upper/nun_t2/backup/right.png",
    "img/clothes/upper/nun_t2/backup/right_cover.png",
    "img/clothes/upper/nun_t2/backup/tattered.png",
    "img/clothes/upper/nun_t2/backup/torn.png",
    "img/clothes/upper/witch/0_gray.png",
    "img/clothes/upper/witch/1_gray.png",
    "img/clothes/upper/witch/2_gray.png",
    "img/clothes/upper/witch/3_gray.png",
    "img/clothes/upper/witch/4_gray.png",
    "img/clothes/upper/witch/5_gray.png",
    "img/clothes/upper/witch/acc_gray.png",
    "img/clothes/upper/witch/frayed_gray.png",
    "img/clothes/upper/witch/full_gray.png",
    "img/clothes/upper/witch/left_cover_gray.png",
    "img/clothes/upper/witch/left_gray.png",
    "img/clothes/upper/witch/right_cover_gray.png",
    "img/clothes/upper/witch/right_gray.png",
    "img/clothes/upper/witch/tattered_gray.png",
    "img/clothes/upper/witch/torn_gray.png",
    "img/misc/icon/clothes/k_mask.png",
    "img/sex/doggy/active/facewear/kingmask/full.png",
    "img/sex/doggy/active/king/full.png",
    "img/sex/missionary/active/facewear/kingmask/full.png",
    "img/sex/missionary/active/king/full.png",
    "img/transformations/angel/backbrokenhalo.png",
    "img/transformations/angel/backhalo.png",
    "img/transformations/angel/brokenhalo.png",
    "img/transformations/angel/brokenwings.png",
    "img/transformations/angel/frontbrokenhalo.png",
    "img/transformations/angel/fronthalo.png",
    "img/transformations/angel/halo.png",
    "img/transformations/angel/leftcover.png",
    "img/transformations/angel/leftwing.png",
    "img/transformations/angel/rightcover.png",
    "img/transformations/angel/rightwing.png",
    "img/transformations/angel/wings.png",
    "img/transformations/angel/backhalo/default.png",
    "img/transformations/angel/backhalo/traditional.png",
    "img/transformations/angel/fronthalo/default.png",
    "img/transformations/angel/fronthalo/traditional.png",
    "img/transformations/angel/leftcover/default.png",
    "img/transformations/angel/leftwing/default.png",
    "img/transformations/angel/leftwing/default_back.png",
    "img/transformations/angel/rightcover/default.png",
    "img/transformations/angel/rightwing/default.png"
  ]
}